id,created_by,created_date,updated_by,updated_date,document_name1,document_name2,document_name3,document_path1,document_path2,document_path3,is_seen,message,type,job_id,jobsite_id,posted_by_id,posted_to_id,project_id
052198ad-b0ca-4312-891e-a6719755501b,NULL,2025-04-10 10:54:07,NULL,2025-04-10 10:54:19,NULL,NULL,NULL,NULL,NULL,NULL,_binary '',hi,JOB,9f5625af-8059-4d74-aeaa-e8a1afe37f62,NULL,c8367fc3-d459-4b83-b48b-37521e6d4795,54fea194-4220-40ff-83dd-00c5a946dc25,NULL
07e1f754-57ef-441b-9b80-04749deecfad,NULL,2024-02-12 06:23:14,NULL,2024-02-12 06:24:23,Bunglow.jpg,NULL,NULL,IconicWorkerUserImages/1a5949d9-a8db-4f10-8659-bb114c4ec3bc,NULL,NULL,_binary '',test12-02,PROJECT,NULL,NULL,c8367fc3-d459-4b83-b48b-37521e6d4795,a3d2b1e9-d64f-46b7-85f5-af83442a5547,92ea6776-a0c4-4efb-ab52-9c4f26c0530f
0a08ef25-035c-4111-9683-fd0450a7462f,NULL,2024-04-25 04:53:08,NULL,2024-04-25 04:54:15,NULL,NULL,NULL,NULL,NULL,NULL,_binary '',This is message from bid comparison,PROJECT,NULL,NULL,b91189e3-47b3-44b1-a685-0252e97c7d1c,8e9967a6-5915-45d4-a25e-11b1876d18df,42b7eb21-f610-42eb-8fed-bda227dfef76
114ccb90-9925-4d03-897f-74b9eb4803f1,NULL,2024-02-08 09:38:01,NULL,2024-02-08 09:39:07,NULL,NULL,NULL,NULL,NULL,NULL,_binary '',Telent Alask test,JOBSITE,NULL,c7828149-16f6-4459-9f1c-89250e821652,c8367fc3-d459-4b83-b48b-37521e6d4795,a3d2b1e9-d64f-46b7-85f5-af83442a5547,5f5fc3f4-90c9-4244-86d8-e97a76997e80
16748403-805b-4696-bf7c-da82c2eb13d0,NULL,2024-02-28 06:51:16,NULL,2024-02-28 06:52:02,SamplePDFFile_5mb.pdf,NULL,NULL,IconicWorkerUserImages/e529c285-f09d-4e33-901e-350e04ad8d3b,NULL,NULL,_binary '',Hi This is a message on 28-02,JOB,c6d6220c-5a8b-4958-956a-b23d8e313877,NULL,c8367fc3-d459-4b83-b48b-37521e6d4795,1ec5afe3-043f-45dd-8f4c-7a84d55db398,NULL
1cb8e979-6366-4ab7-b98e-6b1e0654ca82,NULL,2024-07-10 06:12:51,NULL,2024-07-10 06:12:51,NULL,NULL,NULL,NULL,NULL,NULL,_binary '0',"ed, and they are truly appreciated. As we move forward, I wanted to provide a comprehensive update on where we stand and what lies ahead. Over the past few months, we have successfully completed the initial phases of research, planning, and design. T",JOBSITE,NULL,b2e6c68b-8de7-4895-b1fd-ffa05eb0ac56,73c35bda-c637-4513-a758-b9491df12540,c8367fc3-d459-4b83-b48b-37521e6d4795,525a0b6b-35ea-4eac-beed-fa3da163bcbc
1d2ce766-2f6e-4df6-a155-38ecbbf18383,NULL,2024-07-16 11:21:23,NULL,2024-07-16 11:21:23,NULL,NULL,NULL,NULL,NULL,NULL,_binary '0',payal,PROJECT,NULL,NULL,1c414d9d-c37d-47cd-9f7d-882d51abb8e6,c8367fc3-d459-4b83-b48b-37521e6d4795,f82294fb-6393-498a-bc5a-504e309bc6dd
21f3cafb-cc65-475a-8d00-707199be5f55,NULL,2024-03-19 05:53:46,NULL,2024-03-19 05:57:23,sample.pdf,Home.jpg,NULL,IconicWorkerUserImages/7d078d61-7c7f-4866-a7a0-4af727c64349,IconicWorkerUserImages/a5d8ad4a-551c-41d8-969a-8789d3e07675,NULL,_binary '',This is a test message,JOB,d24e512e-cb33-48fe-90da-cf3ff94fee99,NULL,c8367fc3-d459-4b83-b48b-37521e6d4795,54fea194-4220-40ff-83dd-00c5a946dc25,NULL
23e977c3-d6d9-49d9-b1b1-36db1ef8a96e,NULL,2024-04-17 08:53:18,NULL,2024-04-17 12:11:21,NULL,NULL,NULL,NULL,NULL,NULL,_binary '',Hi This is from pau patil for Prpproject,JOB,027f3513-ce7a-4d5d-8ff2-335435b19bc0,NULL,0c36a187-4358-49d8-96da-a03c74687490,c8367fc3-d459-4b83-b48b-37521e6d4795,NULL
28a30f3a-26cf-4ece-8681-7abd6f3b048b,NULL,2024-07-10 06:02:08,NULL,2024-07-10 06:02:08,NULL,NULL,NULL,NULL,NULL,NULL,_binary '0',"The standard Lorem Ipsum passage, used since the 1500s ""Lorem ipsum dolor sit amet, consectetur adipiscing elit, sed do eiusmod tempor incididunt ut labore et dolore magna aliqua. Ut enim ad minim veniam, quis nostrud exercitation ullamco laboris nis",JOB,ff2ed39f-9c22-40af-8be5-a9dbd426cff5,NULL,b91189e3-47b3-44b1-a685-0252e97c7d1c,c9a92ec3-4ed8-4db2-b186-cb54e9864a29,NULL
2b5b7dd4-2995-4039-a849-e3b8bf3d58ef,NULL,2024-07-10 06:03:49,NULL,2024-07-10 06:03:49,NULL,NULL,NULL,NULL,NULL,NULL,_binary '0',"The standard Lorem Ipsum passage, used since the 1500s ""Lorem ipsum dolor sit amet, consectetur adipiscing elit, sed do eiusmod tempor incididunt ut labore et dolore magna aliqua. Ut enim ad minim veniam, quis nostrud exercitation ullamco laboris nis",PROJECT,NULL,NULL,b91189e3-47b3-44b1-a685-0252e97c7d1c,c1e99329-85c4-457f-9e56-40760d57aff5,3121a9d6-1948-4074-b04d-9790cd84f2ee
32b6fdc7-06f7-4fe2-a6bc-e6964e8d965d,NULL,2024-03-19 05:58:49,NULL,2024-03-19 06:10:10,SamplePNGImage_100kbmb.png,NULL,NULL,IconicWorkerUserImages/96749b37-120c-477d-92fb-e5362c992540,NULL,NULL,_binary '',"Hi, This is test answer.",JOB,d24e512e-cb33-48fe-90da-cf3ff94fee99,NULL,54fea194-4220-40ff-83dd-00c5a946dc25,c8367fc3-d459-4b83-b48b-37521e6d4795,NULL
33d6ab50-7861-4d98-b2a5-4b09df828889,NULL,2025-04-10 10:51:20,NULL,2025-04-10 10:53:29,NULL,NULL,NULL,NULL,NULL,NULL,_binary '',hi,JOB,9f5625af-8059-4d74-aeaa-e8a1afe37f62,NULL,54fea194-4220-40ff-83dd-00c5a946dc25,c8367fc3-d459-4b83-b48b-37521e6d4795,NULL
33de6661-13f0-4022-bd81-de6cf7e8b50f,NULL,2024-07-08 05:34:58,NULL,2024-07-08 05:34:58,NULL,NULL,NULL,NULL,NULL,NULL,_binary '0',"dnj ,knf vbg,kjhn vbghmjjhjdfvbgh",JOBSITE,NULL,81b0f3eb-d6a3-4a9b-8245-d2a81210162a,73c35bda-c637-4513-a758-b9491df12540,c8367fc3-d459-4b83-b48b-37521e6d4795,4391caa2-bd99-40c8-b73a-6b957d9e2fe3
3405e047-7020-472e-a8a8-4714f68396fb,NULL,2024-07-08 04:55:53,NULL,2024-07-08 04:55:53,NULL,NULL,NULL,NULL,NULL,NULL,_binary '0',prp test 1,PROJECT,NULL,NULL,73c35bda-c637-4513-a758-b9491df12540,3f8eb79e-f046-4317-adee-7b916a3ee09e,cc76e77a-a5f7-4ea4-80bd-1c96d1a467e5
373ea012-1140-4eb9-8fef-d2c5873db24c,NULL,2024-06-13 09:17:34,NULL,2025-04-10 10:53:29,Bunglow.jpg,NULL,NULL,IconicWorkerUserImages/9680f701-2fb7-4de7-840a-186260923b57,NULL,NULL,_binary '',hi,JOB,9f5625af-8059-4d74-aeaa-e8a1afe37f62,NULL,54fea194-4220-40ff-83dd-00c5a946dc25,c8367fc3-d459-4b83-b48b-37521e6d4795,NULL
3acd1790-92d4-4def-9af6-5e08b51ebc8b,NULL,2024-01-30 12:06:57,NULL,2024-01-30 12:12:30,image_sW.png,NULL,NULL,IconicWorkerUserImages/d2a719de-8f79-4ba3-807e-dea550da2158,NULL,NULL,_binary '',with image,JOB,1f47be18-0f31-4e1f-adff-d21ecdecc152,NULL,9e11456c-f0f6-48c7-9cbf-6f4447379727,c8367fc3-d459-4b83-b48b-37521e6d4795,NULL
3d0815a4-32c6-4f29-b231-b34e259d0165,NULL,2024-05-09 06:43:36,NULL,2024-05-10 04:52:21,download.jpg,NULL,NULL,IconicWorkerUserImages/fb9e695c-df90-42ca-90fb-645e27f78428,NULL,NULL,_binary '',Hi,JOB,47c95842-c435-4dd6-9ac6-9b3abb67893b,NULL,c9a92ec3-4ed8-4db2-b186-cb54e9864a29,b91189e3-47b3-44b1-a685-0252e97c7d1c,NULL
3ff8adf9-732f-4225-a246-fe28d3c8a061,NULL,2024-02-28 06:57:21,NULL,2024-02-28 06:58:56,SamplePNGImage_1mbmb.png,NULL,NULL,IconicWorkerUserImages/3947eaf7-edfe-4e3a-92ec-818de6f4c6ea,NULL,NULL,_binary '',Hello Good morning,JOB,86d1a2c9-ffe6-41ac-8ad8-943ddebd33c5,NULL,c8367fc3-d459-4b83-b48b-37521e6d4795,1ec5afe3-043f-45dd-8f4c-7a84d55db398,NULL
42d1acfb-edec-4af3-b328-6292e44153f3,NULL,2024-02-27 12:30:32,NULL,2024-02-27 12:30:53,NULL,NULL,NULL,NULL,NULL,NULL,_binary '',Hi AJ,JOB,b0a9be3f-c9a7-45c3-a263-86490762d5a5,NULL,c3dccdbe-114c-4d9c-9a23-d7dd350b6acc,c8367fc3-d459-4b83-b48b-37521e6d4795,NULL
431bd861-519e-4337-a9c2-f850488528a0,NULL,2024-01-30 12:14:28,NULL,2024-01-30 12:14:28,image_sW.png,NULL,NULL,IconicWorkerUserImages/d6512b0e-4e9f-4005-a1cb-02a410fcbe2f,NULL,NULL,_binary '0',Good Evening,JOB,1f47be18-0f31-4e1f-adff-d21ecdecc152,NULL,9e11456c-f0f6-48c7-9cbf-6f4447379727,c8367fc3-d459-4b83-b48b-37521e6d4795,NULL
438a5e53-c98c-4070-9e89-81d718fa8c1a,NULL,2024-02-09 12:36:46,NULL,2024-02-09 12:40:09,Home.jpg,NULL,NULL,IconicWorkerUserImages/e013f9d1-f482-4122-b909-43d3034d057e,NULL,NULL,_binary '',Test,PROJECT,NULL,NULL,c8367fc3-d459-4b83-b48b-37521e6d4795,a3d2b1e9-d64f-46b7-85f5-af83442a5547,92ea6776-a0c4-4efb-ab52-9c4f26c0530f
43f5be0e-b007-453d-bcc6-de04c9e7a3f4,NULL,2022-06-22 11:40:42,NULL,2022-06-22 11:42:23,NULL,NULL,NULL,NULL,NULL,NULL,_binary '',Deploying2  Bid ASfsdgg,PROJECT,NULL,NULL,a69a9857-30f7-4676-b610-a09c3d5e3f40,13c3dd8f-1a6e-4f15-b22d-2b5d3f243796,6c075fd5-f7c0-48e7-ad76-8a3caa3bcea6
4512bba9-bc9b-455e-a9b7-7268a937d007,NULL,2024-07-10 06:12:39,NULL,2024-07-10 06:12:39,NULL,NULL,NULL,NULL,NULL,NULL,_binary '0',test msg 1,JOBSITE,NULL,b2e6c68b-8de7-4895-b1fd-ffa05eb0ac56,73c35bda-c637-4513-a758-b9491df12540,c8367fc3-d459-4b83-b48b-37521e6d4795,525a0b6b-35ea-4eac-beed-fa3da163bcbc
464c07d7-5ec7-4939-ac8b-6820cd837c1d,NULL,2022-09-28 05:02:13,NULL,2022-09-28 05:02:18,NULL,NULL,NULL,NULL,NULL,NULL,_binary '',ok,JOB,167752ba-3631-46a9-b0ca-ec0c5cd6c99d,NULL,c8367fc3-d459-4b83-b48b-37521e6d4795,9e11456c-f0f6-48c7-9cbf-6f4447379727,NULL
46aa7207-953b-493e-b4c6-895b9239b658,NULL,2024-01-30 11:59:43,NULL,2024-01-30 12:12:30,image_ei.png,NULL,NULL,IconicWorkerUserImages/ac8fede5-233a-4b15-afce-f93c87cccdbf,NULL,NULL,_binary '',with attachment,JOB,1f47be18-0f31-4e1f-adff-d21ecdecc152,NULL,9e11456c-f0f6-48c7-9cbf-6f4447379727,c8367fc3-d459-4b83-b48b-37521e6d4795,NULL
48f1530c-0230-4f9e-a8c8-714bb1fe3eab,NULL,2022-12-22 12:11:25,NULL,2022-12-22 12:11:25,NULL,NULL,NULL,NULL,NULL,NULL,_binary '0',sdfsfsd,JOB,f783e5d5-b9bf-40a4-bbb4-0f1cf6b8719d,NULL,9e11456c-f0f6-48c7-9cbf-6f4447379727,c8367fc3-d459-4b83-b48b-37521e6d4795,NULL
4abd75f9-a0b4-4969-b7ec-4c0bb9704a2c,NULL,2024-07-10 06:05:44,NULL,2024-07-10 06:05:44,NULL,NULL,NULL,NULL,NULL,NULL,_binary '0',"The standard Lorem Ipsum passage, used since the 1500s ""Lorem ipsum dolor sit amet, consectetur adipiscing elit, sed do eiusmod tempor incididunt ut labore et dolore magna aliqua. Ut enim ad minim veniam, quis nostrud exercitation ullamco laboris nisi ut aliquip ex ea commodo consequat. Duis aute irure dolor in reprehenderit in voluptate velit esse cillum dolore eu fugiat nulla pariatur. Excepteur sint occaecat cupidatat non proident, sunt in culpa qui officia deserunt mollit anim id est laborum.""  Section 1.10.32 of ""de Finibus Bonorum et Malorum"", written by Cicero in 45 BC ""Sed ut perspiciatis unde omnis iste natus error sit voluptatem accusantium doloremque laudantium, totam rem aperiam, eaque ipsa quae ab illo inventore veritatis et quasi architecto beatae vitae dicta sunt explicabo. Nemo enim ipsam voluptatem quia voluptas sit aspernatur aut odit aut fugit, sed quia consequuntur magni dolores eos qui ratione voluptatem sequi nesciunt. Neque porro quisquam est, qui dolorem ipsum quia dolor sit amet, consectetur, adipisci velit, sed quia non numquam eius modi tempora incidunt ut labore et dolore magnam aliquam quaerat voluptatem. Ut enim ad minima veniam, quis nostrum exercitationem ullam corporis suscipit laboriosam, nisi ut aliquid ex ea commodi consequatur? Quis autem vel eum iure reprehenderit qui in ea voluptate velit esse quam nihil molestiae consequatur, vel illum qui dolorem eum fugiat quo voluptas nulla pariatur?""  1914 translation by H. Rackham ""But I must explain to you how all this mistaken idea of denouncing pleasure and praising pain was born and I will give you a complete account of the system, and expound the actual teachings of the great explorer of the truth, the master-builder of human happiness. No one rejects, dislikes, or avoids pleasure itself, because it is pleasure, but because those who do not know how to pursue pleasure rationally encounter consequences that are extremely painful. Nor again is there anyone who loves or pursues or desires to obtain pain of itself, because it is pain, but because occasionally circumstances occur in which toil and pain can procure him some great pleasure. To take a trivial example, which of us ever undertakes laborious physical exercise, except to obtain some advantage from it? But who has any right to find fault with a man who chooses to enjoy a pleasure that has no annoying consequences, or one who avoids a pain that produces no resultant pleasure?""  Section 1.10.33 of ""de Finibus Bonorum et Malorum"", written by Cicero in 45 BC ""At vero eos et accusamus et iusto odio dignissimos ducimus qui blanditiis praesentium voluptatum deleniti atque corrupti quos dolores et quas molestias excepturi sint occaecati cupiditate non provident, similique sunt in culpa qui officia deserunt mollitia animi, id est laborum et dolorum fuga. Et harum quidem rerum facilis est et expedita distinctio. Nam libero tempore, cum soluta nobis est eligendi optio cumque nihil impedit quo minus id quod maxime placeat facere possimus, omnis voluptas assumenda est, omnis dolor repellendus. Temporibus autem quibusdam et aut officiis debitis aut rerum necessitatibus saepe eveniet ut et voluptates repudiandae sint et molestiae non recusandae. Itaque earum rerum hic tenetur a sapiente delectus, ut aut reiciendis voluptatibus maiores alias consequatur aut perferendis doloribus asperiores repellat.""  1914 translation by H. Rackham ""On the other hand, we denounce with righteous indignation and dislike men who are so beguiled and demoralized by the charms of pleasure of the moment, so blinded by desire, that they cannot foresee the pain and trouble that are bound to ensue; and equal blame belongs to those who fail in their duty through weakness of will, which is the same as saying through shrinking from toil and pain. These cases are perfectly simple and easy to distinguish. In a free hour, when our power of choice is untrammelled and when nothing prevents our being able to do what we like best, every pleasure is to be welcomed and every pain avoided. But in certain circumstances and owing to the claims of duty or the obligations of business it will frequently occur that pleasures have to be repudiated and annoyances accepted. The wise man therefore always holds in these matters to this principle of selection: he rejects pleasures to secure other greater pleasures, or else he endures pains to avoid worse pains.""",JOB,99f2f251-e050-43e2-8710-d4f1f3a85375,NULL,9e11456c-f0f6-48c7-9cbf-6f4447379727,c8367fc3-d459-4b83-b48b-37521e6d4795,NULL
4c85aab2-2ce6-4d51-bdb7-9ee080160bfa,NULL,2025-04-30 06:01:55,NULL,2025-04-30 06:02:16,NULL,NULL,NULL,NULL,NULL,NULL,_binary '',Yes We are intreseted to start work with you in that rate.,PROJECT,NULL,NULL,6fdfa82e-6825-4658-a162-a518011bffd8,c0f385bf-790f-431d-8dc4-1bf83ba3a392,64c1e657-18d7-4898-9bba-836061f604bc
4f8d57ea-d999-490e-a72e-9168d4c3c2f7,NULL,2024-07-16 10:37:33,NULL,2024-07-16 10:37:33,NULL,NULL,NULL,NULL,NULL,NULL,_binary '0',hbgj,JOB,67bd3bbe-0a5f-4667-ac3e-0cca69863c8f,NULL,c8367fc3-d459-4b83-b48b-37521e6d4795,0c36a187-4358-49d8-96da-a03c74687490,NULL
54369864-81f8-4f4f-aec2-b9bf1974616d,NULL,2024-01-30 11:57:07,NULL,2024-01-30 12:12:30,NULL,NULL,NULL,NULL,NULL,NULL,_binary '',demo,JOB,1f47be18-0f31-4e1f-adff-d21ecdecc152,NULL,9e11456c-f0f6-48c7-9cbf-6f4447379727,c8367fc3-d459-4b83-b48b-37521e6d4795,NULL
54eef870-fc97-4892-a11c-fc9e1f742803,NULL,2024-01-30 12:12:37,NULL,2024-01-30 12:23:14,NULL,NULL,NULL,NULL,NULL,NULL,_binary '',Hi,JOB,1f47be18-0f31-4e1f-adff-d21ecdecc152,NULL,c8367fc3-d459-4b83-b48b-37521e6d4795,9e11456c-f0f6-48c7-9cbf-6f4447379727,NULL
56c049d7-ffe0-4ada-aad4-02d43dec0ef2,NULL,2024-07-09 05:17:44,NULL,2024-07-09 05:17:44,NULL,NULL,NULL,NULL,NULL,NULL,_binary '0',"The standard Lorem Ipsum passage, used since the 1500s ""Lorem ipsum dolor sit amet, consectetur adipiscing elit, sed do eiusmod tempor incididunt ut labore et dolore magna aliqua. Ut enim ad minim veniam, quis nostrud exercitation ullamco laboris nisi ut aliquip ex ea commodo consequat. Duis aute irure dolor in reprehenderit in voluptate velit esse cillum dolore eu fugiat nulla pariatur. Excepteur sint occaecat cupidatat non proident, sunt in culpa qui officia deserunt mollit anim id est laborum.""  Section 1.10.32 of ""de Finibus Bonorum et Malorum"", written by Cicero in 45 BC ""Sed ut perspiciatis unde omnis iste natus error sit voluptatem accusantium doloremque laudantium, totam rem aperiam, eaque ipsa quae ab illo inventore veritatis et quasi architecto beatae vitae dicta sunt explicabo. Nemo enim ipsam voluptatem quia voluptas sit aspernatur aut odit aut fugit, sed quia consequuntur magni dolores eos qui ratione voluptatem sequi nesciunt. Neque porro quisquam est, qui dolorem ipsum quia dolor sit amet, consectetur, adipisci velit, sed quia non numquam eius modi tempora incidunt ut labore et dolore magnam aliquam quaerat voluptatem. Ut enim ad minima veniam, quis nostrum exercitationem ullam corporis suscipit laboriosam, nisi ut aliquid ex ea commodi consequatur? Quis autem vel eum iure reprehenderit qui in ea voluptate velit esse quam nihil molestiae consequatur, vel illum qui dolorem eum fugiat quo voluptas nulla pariatur?""  1914 translation by H. Rackham ""But I must explain to you how all this mistaken idea of denouncing pleasure and praising pain was born and I will give you a complete account of the system, and expound the actual teachings of the great explorer of the truth, the master-builder of human happiness. No one rejects, dislikes, or avoids pleasure itself, because it is pleasure, but because those who do not know how to pursue pleasure rationally encounter consequences that are extremely painful. Nor again is there anyone who loves or pursues or desires to obtain pain of itself, because it is pain, but because occasionally circumstances occur in which toil and pain can procure him some great pleasure. To take a trivial example, which of us ever undertakes laborious physical exercise, except to obtain some advantage from it? But who has any right to find fault with a man who chooses to enjoy a pleasure that has no annoying consequences, or one who avoids a pain that produces no resultant pleasure?""  Section 1.10.33 of ""de Finibus Bonorum et Malorum"", written by Cicero in 45 BC ""At vero eos et accusamus et iusto odio dignissimos ducimus qui blanditiis praesentium voluptatum deleniti atque corrupti quos dolores et quas molestias excepturi sint occaecati cupiditate non provident, similique sunt in culpa qui officia deserunt mollitia animi, id est laborum et dolorum fuga. Et harum quidem rerum facilis est et expedita distinctio. Nam libero tempore, cum soluta nobis est eligendi optio cumque nihil impedit quo minus id quod maxime placeat facere possimus, omnis voluptas assumenda est, omnis dolor repellendus. Temporibus autem quibusdam et aut officiis debitis aut rerum necessitatibus saepe eveniet ut et voluptates repudiandae sint et molestiae non recusandae. Itaque earum rerum hic tenetur a sapiente delectus, ut aut reiciendis voluptatibus maiores alias consequatur aut perferendis doloribus asperiores repellat.""  1914 translation by H. Rackham ""On the other hand, we denounce with righteous indignation and dislike men who are so beguiled and demoralized by the charms of pleasure of the moment, so blinded by desire, that they cannot foresee the pain and trouble that are bound to ensue; and equal blame belongs to those who fail in their duty through weakness of will, which is the same as saying through shrinking from toil and pain. These cases are perfectly simple and easy to distinguish. In a free hour, when our power of choice is untrammelled and when nothing prevents our being able to do what we like best, every pleasure is to be welcomed and every pain avoided. But in certain circumstances and owing to the claims of duty or the obligations of business it will frequently occur that pleasures have to be repudiated and annoyances accepted. The wise man therefore always holds in these matters to this principle of selection: he rejects pleasures to secure other greater pleasures, or else he endures pains to avoid worse pains.""The standard Lorem Ipsum passage, used since the 1500s ""Lorem ipsum dolor sit amet, consectetur adipiscing elit, sed do eiusmod tempor incididunt ut labore et dolore magna aliqua. Ut enim ad minim veniam, quis nostrud exercitation ullamco laboris nisi ut aliquip ex ea commodo consequat. Duis aute irure dolor in reprehenderit in voluptate velit esse cillum dolore eu fugiat nulla pariatur. Excepteur sint occaecat cupidatat non proident, sunt in culpa qui officia deserunt mollit anim id est laborum.""  Section 1.10.32 of ""de Finibus Bonorum et Malorum"", written by Cicero in 45 BC ""Sed ut perspiciatis unde omnis iste natus error sit voluptatem accusantium doloremque laudantium, totam rem aperiam, eaque ipsa quae ab illo inventore veritatis et quasi architecto beatae vitae dicta sunt explicabo. Nemo enim ipsam voluptatem quia voluptas sit aspernatur aut odit aut fugit, sed quia consequuntur magni dolores eos qui ratione voluptatem sequi nesciunt. Neque porro quisquam est, qui dolorem ipsum quia dolor sit amet, consectetur, adipisci velit, sed quia non numquam eius modi tempora incidunt ut labore et dolore magnam aliquam quaerat voluptatem. Ut enim ad minima veniam, quis nostrum exercitationem ullam corporis suscipit laboriosam, nisi ut aliquid ex ea commodi consequatur? Quis autem vel eum iure reprehenderit qui in ea voluptate velit esse quam nihil molestiae consequatur, vel illum qui dolorem eum fugiat quo voluptas nulla pariatur?""  1914 translation by H. Rackham ""But I must explain to you how all this mistaken idea of denouncing pleasure and praising pain was born and I will give you a complete account of the system, and expound the actual teachings of the great explorer of the truth, the master-builder of human happiness. No one rejects, dislikes, or avoids pleasure itself, because it is pleasure, but because those who do not know how to pursue pleasure rationally encounter consequences that are extremely painful. Nor again is there anyone who loves or pursues or desires to obtain pain of itself, because it is pain, but because occasionally circumstances occur in which toil and pain can procure him some great pleasure. To take a trivial example, which of us ever undertakes laborious physical exercise, except to obtain some advantage from it? But who has any right to find fault with a man who chooses to enjoy a pleasure that has no annoying consequences, or one who avoids a pain that produces no resultant pleasure?""  Section 1.10.33 of ""de Finibus Bonorum et Malorum"", written by Cicero in 45 BC ""At vero eos et accusamus et iusto odio dignissimos ducimus qui blanditiis praesentium voluptatum deleniti atque corrupti quos dolores et quas molestias excepturi sint occaecati cupiditate non provident, similique sunt in culpa qui officia deserunt mollitia animi, id est laborum et dolorum fuga. Et harum quidem rerum facilis est et expedita distinctio. Nam libero tempore, cum soluta nobis est eligendi optio cumque nihil impedit quo minus id quod maxime placeat facere possimus, omnis voluptas assumenda est, omnis dolor repellendus. Temporibus autem quibusdam et aut officiis debitis aut rerum necessitatibus saepe eveniet ut et voluptates repudiandae sint et molestiae non recusandae. Itaque earum rerum hic tenetur a sapiente delectus, ut aut reiciendis voluptatibus maiores alias consequatur aut perferendis doloribus asperiores repellat.""  1914 translation by H. Rackham ""On the other hand, we denounce with righteous indignation and dislike men who are so beguiled and demoralized by the charms of pleasure of the moment, so blinded by desire, that they cannot foresee the pain and trouble that are bound to ensue; and equal blame belongs to those who fail in their duty through weakness of will, which is the same as saying through shrinking from toil and pain. These cases are perfectly simple and easy to distinguish. In a free hour, when our power of choice is untrammelled and when nothing prevents our being able to do what we like best, every pleasure is to be welcomed and every pain avoided. But in certain circumstances and owing to the claims of duty or the obligations of business it will frequently occur that pleasures have to be repudiated and annoyances accepted. The wise man therefore always holds in these matters to this principle of selection: he rejects pleasures to secure other greater pleasures, or else he endures pains to avoid worse pains.""The standard Lorem Ipsum passage, used since the 1500s ""Lorem ipsum dolor sit amet, consectetur adipiscing elit, sed do eiusmod tempor incididunt ut labore et dolore magna aliqua. Ut enim ad minim veniam, quis nostrud exercitation ullamco laboris nisi ut aliquip ex ea commodo consequat. Duis aute irure dolor in reprehenderit in voluptate velit esse cillum dolore eu fugiat nulla pariatur. Excepteur sint occaecat cupidatat non proident, sunt in culpa qui officia deserunt mollit anim id est laborum.""  Section 1.10.32 of ""de Finibus Bonorum et Malorum"", written by Cicero in 45 BC ""Sed ut perspiciatis unde omnis iste natus error sit voluptatem accusantium doloremque laudantium, totam rem aperiam, eaque ipsa quae ab illo inventore veritatis et quasi architecto beatae vitae dicta sunt explicabo. Nemo enim ipsam voluptatem quia voluptas sit aspernatur aut odit aut fugit, sed quia consequuntur magni dolores eos qui ratione voluptatem sequi nesciunt. Neque porro quisquam est, qui dolorem ipsum quia dolor sit amet, consectetur, adipisci velit, sed quia non numquam eius modi tempora incidunt ut labore et dolore magnam aliquam quaerat voluptatem. Ut enim ad minima veniam, quis nostrum exercitationem ullam corporis suscipit laboriosam, nisi ut aliquid ex ea commodi consequatur? Quis autem vel eum iure reprehenderit qui in ea voluptate velit esse quam nihil molestiae consequatur, vel illum qui dolorem eum fugiat quo voluptas nulla pariatur?""  1914 translation by H. Rackham ""But I must explain to you how all this mistaken idea of denouncing pleasure and praising pain was born and I will give you a complete account of the system, and expound the actual teachings of the great explorer of the truth, the master-builder of human happiness. No one rejects, dislikes, or avoids pleasure itself, because it is pleasure, but because those who do not know how to pursue pleasure rationally encounter consequences that are extremely painful. Nor again is there anyone who loves or pursues or desires to obtain pain of itself, because it is pain, but because occasionally circumstances occur in which toil and pain can procure him some great pleasure. To take a trivial example, which of us ever undertakes laborious physical exercise, except to obtain some advantage from it? But who has any right to find fault with a man who chooses to enjoy a pleasure that has no annoying consequences, or one who avoids a pain that produces no resultant pleasure?""  Section 1.10.33 of ""de Finibus Bonorum et Malorum"", written by Cicero in 45 BC ""At vero eos et accusamus et iusto odio dignissimos ducimus qui blanditiis praesentium voluptatum deleniti atque corrupti quos dolores et quas molestias excepturi sint occaecati cupiditate non provident, similique sunt in culpa qui officia deserunt mollitia animi, id est laborum et dolorum fuga. Et harum quidem rerum facilis est et expedita distinctio. Nam libero tempore, cum soluta nobis est eligendi optio cumque nihil impedit quo minus id quod maxime placeat facere possimus, omnis voluptas assumenda est, omnis dolor repellendus. Temporibus autem quibusdam et aut officiis debitis aut rerum necessitatibus saepe eveniet ut et voluptates repudiandae sint et molestiae non recusandae. Itaque earum rerum hic tenetur a sapiente delectus, ut aut reiciendis voluptatibus maiores alias consequatur aut perferendis doloribus asperiores repellat.""  1914 translation by H. Rackham ""On the other hand, we denounce with righteous indignation and dislike men who are so beguiled and demoralized by the charms of pleasure of the moment, so blinded by desire, that they cannot foresee the pain and trouble that are bound to ensue; and equal blame belongs to those who fail in their duty through weakness of will, which is the same as saying through shrinking from toil and pain. These cases are perfectly simple and easy to distinguish. In a free hour, when our power of choice is untrammelled and when nothing prevents our being able to do what we like best, every pleasure is to be welcomed and every pain avoided. But in certain circumstances and owing to the claims of duty or the obligations of business it will frequently occur that pleasures have to be repudiated and annoyances accepted. The wise man therefore always holds in these matters to this principle of selection: he rejects pleasures to secure other greater pleasures, or else he endures pains to avoid worse pains.""The standard Lorem Ipsum passage, used since the 1500s ""Lorem ipsum dolor sit amet, consectetur adipiscing elit, sed do eiusmod tempor incididunt ut labore et dolore magna aliqua. Ut enim ad minim veniam, quis nostrud exercitation ullamco laboris nisi ut aliquip ex ea commodo consequat. Duis aute irure dolor in reprehenderit in voluptate velit esse cillum dolore eu fugiat nulla pariatur. Excepteur sint occaecat cupidatat non proident, sunt in culpa qui officia deserunt mollit anim id est laborum.""  Section 1.10.32 of ""de Finibus Bonorum et Malorum"", written by Cicero in 45 BC ""Sed ut perspiciatis unde omnis iste natus error sit voluptatem accusantium doloremque laudantium, totam rem aperiam, eaque ipsa quae ab illo inventore veritatis et quasi architecto beatae vitae dicta sunt explicabo. Nemo enim ipsam voluptatem quia voluptas sit aspernatur aut odit aut fugit, sed quia consequuntur magni dolores eos qui ratione voluptatem sequi nesciunt. Neque porro quisquam est, qui dolorem ipsum quia dolor sit amet, consectetur, adipisci velit, sed quia non numquam eius modi tempora incidunt ut labore et dolore magnam aliquam quaerat voluptatem. Ut enim ad minima veniam, quis nostrum exercitationem ullam corporis suscipit laboriosam, nisi ut aliquid ex ea commodi consequatur? Quis autem vel eum iure reprehenderit qui in ea voluptate velit esse quam nihil molestiae consequatur, vel illum qui dolorem eum fugiat quo voluptas nulla pariatur?""  1914 translation by H. Rackham ""But I must explain to you how all this mistaken idea of denouncing pleasure and praising pain was born and I will give you a complete account of the system, and expound the actual teachings of the great explorer of the truth, the master-builder of human happiness. No one rejects, dislikes, or avoids pleasure itself, because it is pleasure, but because those who do not know how to pursue pleasure rationally encounter consequences that are extremely painful. Nor again is there anyone who loves or pursues or desires to obtain pain of itself, because it is pain, but because occasionally circumstances occur in which toil and pain can procure him some great pleasure. To take a trivial example, which of us ever undertakes laborious physical exercise, except to obtain some advantage from it? But who has any right to find fault with a man who chooses to enjoy a pleasure that has no annoying consequences, or one who avoids a pain that produces no resultant pleasure?""  Section 1.10.33 of ""de Finibus Bonorum et Malorum"", written by Cicero in 45 BC ""At vero eos et accusamus et iusto odio dignissimos ducimus qui blanditiis praesentium voluptatum deleniti atque corrupti quos dolores et quas molestias excepturi sint occaecati cupiditate non provident, similique sunt in culpa qui officia deserunt mollitia animi, id est laborum et dolorum fuga. Et harum quidem rerum facilis est et expedita distinctio. Nam libero tempore, cum soluta nobis est eligendi optio cumque nihil impedit quo minus id quod maxime placeat facere possimus, omnis voluptas assumenda est, omnis dolor repellendus. Temporibus autem quibusdam et aut officiis debitis aut rerum necessitatibus saepe eveniet ut et voluptates repudiandae sint et molestiae non recusandae. Itaque earum rerum hic tenetur a sapiente delectus, ut aut reiciendis voluptatibus maiores alias consequatur aut perferendis doloribus asperiores repellat.""  1914 translation by H. Rackham ""On the other hand, we denounce with righteous indignation and dislike men who are so beguiled and demoralized by the charms of pleasure of the moment, so blinded by desire, that they cannot foresee the pain and trouble that are bound to ensue; and equal blame belongs to those who fail in their duty through weakness of will, which is the same as saying through shrinking from toil and pain. These cases are perfectly simple and easy to distinguish. In a free hour, when our power of choice is untrammelled and when nothing prevents our being able to do what we like best, every pleasure is to be welcomed and every pain avoided. But in certain circumstances and owing to the claims of duty or the obligations of business it will frequently occur that pleasures have to be repudiated and annoyances accepted. The wise man therefore always holds in these matters to this principle of selection: he rejects pleasures to secure other greater pleasures, or else he endures pains to avoid worse pains.""The standard Lorem Ipsum passage, used since the 1500s ""Lorem ipsum dolor sit amet, consectetur adipiscing elit, sed do eiusmod tempor incididunt ut labore et dolore magna aliqua. Ut enim ad minim veniam, quis nostrud exercitation ullamco laboris nisi ut aliquip ex ea commodo consequat. Duis aute irure dolor in reprehenderit in voluptate velit esse cillum dolore eu fugiat nulla pariatur. Excepteur sint occaecat cupidatat non proident, sunt in culpa qui officia deserunt mollit anim id est laborum.""  Section 1.10.32 of ""de Finibus Bonorum et Malorum"", written by Cicero in 45 BC ""Sed ut perspiciatis unde omnis iste natus error sit voluptatem accusantium doloremque laudantium, totam rem aperiam, eaque ipsa quae ab illo inventore veritatis et quasi architecto beatae vitae dicta sunt explicabo. Nemo enim ipsam voluptatem quia voluptas sit aspernatur aut odit aut fugit, sed quia consequuntur magni dolores eos qui ratione voluptatem sequi nesciunt. Neque porro quisquam est, qui dolorem ipsum quia dolor sit amet, consectetur, adipisci velit, sed quia non numquam eius modi tempora incidunt ut labore et dolore magnam aliquam quaerat voluptatem. Ut enim ad minima veniam, quis nostrum exercitationem ullam corporis suscipit laboriosam, nisi ut aliquid ex ea commodi consequatur? Quis autem vel eum iure reprehenderit qui in ea voluptate velit esse quam nihil molestiae consequatur, vel illum qui dolorem eum fugiat quo voluptas nulla pariatur?""  1914 translation by H. Rackham ""But I must explain to you how all this mistaken idea of denouncing pleasure and praising pain was born and I will give you a complete account of the system, and expound the actual teachings of the great explorer of the truth, the master-builder of human happiness. No one rejects, dislikes, or avoids pleasure itself, because it is pleasure, but because those who do not know how to pursue pleasure rationally encounter consequences that are extremely painful. Nor again is there anyone who loves or pursues or desires to obtain pain of itself, because it is pain, but because occasionally circumstances occur in which toil and pain can procure him some great pleasure. To take a trivial example, which of us ever undertakes laborious physical exercise, except to obtain some advantage from it? But who has any right to find fault with a man who chooses to enjoy a pleasure that has no annoying consequences, or one who avoids a pain that produces no resultant pleasure?""  Section 1.10.33 of ""de Finibus Bonorum et Malorum"", written by Cicero in 45 BC ""At vero eos et accusamus et iusto odio dignissimos ducimus qui blanditiis praesentium voluptatum deleniti atque corrupti quos dolores et quas molestias excepturi sint occaecati cupiditate non provident, similique sunt in culpa qui officia deserunt mollitia animi, id est laborum et dolorum fuga. Et harum quidem rerum facilis est et expedita distinctio. Nam libero tempore, cum soluta nobis est eligendi optio cumque nihil impedit quo minus id quod maxime placeat facere possimus, omnis voluptas assumenda est, omnis dolor repellendus. Temporibus autem quibusdam et aut officiis debitis aut rerum necessitatibus saepe eveniet ut et voluptates repudiandae sint et molestiae non recusandae. Itaque earum rerum hic tenetur a sapiente delectus, ut aut reiciendis voluptatibus maiores alias consequatur aut perferendis doloribus asperiores repellat.""  1914 translation by H. Rackham ""On the other hand, we denounce with righteous indignation and dislike men who are so beguiled and demoralized by the charms of pleasure of the moment, so blinded by desire, that they cannot foresee the pain and trouble that are bound to ensue; and equal blame belongs to those who fail in their duty through weakness of will, which is the same as saying through shrinking from toil and pain. These cases are perfectly simple and easy to distinguish. In a free hour, when our power of choice is untrammelled and when nothing prevents our being able to do what we like best, every pleasure is to be welcomed and every pain avoided. But in certain circumstances and owing to the claims of duty or the obligations of business it will frequently occur that pleasures have to be repudiated and annoyances accepted. The wise man therefore always holds in these matters to this principle of selection: he rejects pleasures to secure other greater pleasures, or else he endures pains to avoid worse pains.""",JOB,da98f9b6-ea82-46f9-9e0c-83f448a2818e,NULL,b91189e3-47b3-44b1-a685-0252e97c7d1c,67ef48a7-3430-4c29-873e-75cee189c472,NULL
57720a04-b160-4975-bde6-bf63581a9a11,NULL,2024-02-28 04:44:56,NULL,2024-02-28 04:45:33,NULL,NULL,NULL,NULL,NULL,NULL,_binary '',Hsz Test 19-02-2024 from worker,JOB,b0a9be3f-c9a7-45c3-a263-86490762d5a5,NULL,9e11456c-f0f6-48c7-9cbf-6f4447379727,c8367fc3-d459-4b83-b48b-37521e6d4795,NULL
584a280f-8227-4148-98da-c36cfbdcc7fc,NULL,2024-01-30 12:06:16,NULL,2024-01-30 12:12:30,NULL,NULL,NULL,NULL,NULL,NULL,_binary '',test,JOB,1f47be18-0f31-4e1f-adff-d21ecdecc152,NULL,9e11456c-f0f6-48c7-9cbf-6f4447379727,c8367fc3-d459-4b83-b48b-37521e6d4795,NULL
59b5acce-a284-4be4-9907-df525319b0a2,NULL,2022-06-24 04:45:42,NULL,2022-06-24 04:45:54,NULL,NULL,NULL,NULL,NULL,NULL,_binary '',hello,PROJECT,NULL,NULL,13c3dd8f-1a6e-4f15-b22d-2b5d3f243796,a69a9857-30f7-4676-b610-a09c3d5e3f40,3c29e035-e339-48b8-a4ff-52a3a225a5c3
5a9ec926-7823-496a-b9ab-cd7e3387fea2,NULL,2024-03-01 07:07:03,NULL,2024-03-01 07:08:30,sample.pdf,NULL,NULL,IconicWorkerUserImages/09427145-90b5-4b5b-8222-9e76525305bb,NULL,NULL,_binary '',Hello,PROJECT,NULL,NULL,c8367fc3-d459-4b83-b48b-37521e6d4795,c1e99329-85c4-457f-9e56-40760d57aff5,0e7982d4-79ee-4402-8245-0f50e6a96fe8
60a8978f-efc8-439e-981b-9ee677e1da19,NULL,2024-02-08 11:36:22,NULL,2024-02-08 11:54:19,NULL,NULL,NULL,NULL,NULL,NULL,_binary '',Test HSZ,JOBSITE,NULL,c7828149-16f6-4459-9f1c-89250e821652,c8367fc3-d459-4b83-b48b-37521e6d4795,a3d2b1e9-d64f-46b7-85f5-af83442a5547,5f5fc3f4-90c9-4244-86d8-e97a76997e80
6366d351-9382-46bc-ba21-966bc7877884,NULL,2024-06-04 04:22:23,NULL,2024-06-04 04:22:23,NULL,NULL,NULL,NULL,NULL,NULL,_binary '0',Test,PROJECT,NULL,NULL,c8367fc3-d459-4b83-b48b-37521e6d4795,a3d2b1e9-d64f-46b7-85f5-af83442a5547,0922b019-1577-4b1d-a1f6-401749569a1f
64623b0b-9742-4503-9c60-5fad9060d026,NULL,2024-02-27 12:28:45,NULL,2024-02-27 12:29:05,NULL,NULL,NULL,NULL,NULL,NULL,_binary '',Hi Hitesh,JOB,b0a9be3f-c9a7-45c3-a263-86490762d5a5,NULL,c8367fc3-d459-4b83-b48b-37521e6d4795,c3dccdbe-114c-4d9c-9a23-d7dd350b6acc,NULL
6801c097-0747-4190-8a03-2dd0178e369e,NULL,2024-02-27 10:33:53,NULL,2024-02-27 12:23:32,NULL,NULL,NULL,NULL,NULL,NULL,_binary '',Hi27-07,JOB,b0a9be3f-c9a7-45c3-a263-86490762d5a5,NULL,c8367fc3-d459-4b83-b48b-37521e6d4795,c3dccdbe-114c-4d9c-9a23-d7dd350b6acc,NULL
69fbaf5c-1024-4190-ba91-67ed9b346460,NULL,2024-07-10 06:33:34,NULL,2024-07-10 06:33:34,NULL,NULL,NULL,NULL,NULL,NULL,_binary '0',"The standard Lorem Ipsum passage, used since the 1500s ""Lorem ipsum dolor sit amet, consectetur adipiscing elit, sed do eiusmod tempor incididunt ut labore et dolore magna aliqua. Ut enim ad minim veniam, quis nostrud exercitation ullamco laboris nis",JOB,ff2ed39f-9c22-40af-8be5-a9dbd426cff5,NULL,b91189e3-47b3-44b1-a685-0252e97c7d1c,9e11456c-f0f6-48c7-9cbf-6f4447379727,NULL
6bb826b5-8bfe-4473-8004-d32adf885e13,NULL,2024-05-10 04:59:28,NULL,2024-05-10 04:59:28,NULL,NULL,NULL,NULL,NULL,NULL,_binary '0',Hi Can I get the invoice?,JOB,bf243b4d-1325-485f-b658-76fe3c0d70ab,NULL,c9a92ec3-4ed8-4db2-b186-cb54e9864a29,c8367fc3-d459-4b83-b48b-37521e6d4795,NULL
6f352105-4ad4-44f9-939e-ce2ea1fe95b8,NULL,2024-02-28 04:57:08,NULL,2024-02-28 04:57:19,NULL,NULL,NULL,NULL,NULL,NULL,_binary '',"Hi Atalanta, Alex this side",JOB,d24e512e-cb33-48fe-90da-cf3ff94fee99,NULL,c8367fc3-d459-4b83-b48b-37521e6d4795,9e11456c-f0f6-48c7-9cbf-6f4447379727,NULL
70daff63-88a6-4089-bb3c-98dbff54126f,NULL,2024-07-09 05:17:25,NULL,2024-07-09 05:17:25,NULL,NULL,NULL,NULL,NULL,NULL,_binary '0',"The standard Lorem Ipsum passage, used since the 1500s ""Lorem ipsum dolor sit amet, consectetur adipiscing elit, sed do eiusmod tempor incididunt ut labore et dolore magna aliqua. Ut enim ad minim veniam, quis nostrud exercitation ullamco laboris nisi ut aliquip ex ea commodo consequat. Duis aute irure dolor in reprehenderit in voluptate velit esse cillum dolore eu fugiat nulla pariatur. Excepteur sint occaecat cupidatat non proident, sunt in culpa qui officia deserunt mollit anim id est laborum.""  Section 1.10.32 of ""de Finibus Bonorum et Malorum"", written by Cicero in 45 BC ""Sed ut perspiciatis unde omnis iste natus error sit voluptatem accusantium doloremque laudantium, totam rem aperiam, eaque ipsa quae ab illo inventore veritatis et quasi architecto beatae vitae dicta sunt explicabo. Nemo enim ipsam voluptatem quia voluptas sit aspernatur aut odit aut fugit, sed quia consequuntur magni dolores eos qui ratione voluptatem sequi nesciunt. Neque porro quisquam est, qui dolorem ipsum quia dolor sit amet, consectetur, adipisci velit, sed quia non numquam eius modi tempora incidunt ut labore et dolore magnam aliquam quaerat voluptatem. Ut enim ad minima veniam, quis nostrum exercitationem ullam corporis suscipit laboriosam, nisi ut aliquid ex ea commodi consequatur? Quis autem vel eum iure reprehenderit qui in ea voluptate velit esse quam nihil molestiae consequatur, vel illum qui dolorem eum fugiat quo voluptas nulla pariatur?""  1914 translation by H. Rackham ""But I must explain to you how all this mistaken idea of denouncing pleasure and praising pain was born and I will give you a complete account of the system, and expound the actual teachings of the great explorer of the truth, the master-builder of human happiness. No one rejects, dislikes, or avoids pleasure itself, because it is pleasure, but because those who do not know how to pursue pleasure rationally encounter consequences that are extremely painful. Nor again is there anyone who loves or pursues or desires to obtain pain of itself, because it is pain, but because occasionally circumstances occur in which toil and pain can procure him some great pleasure. To take a trivial example, which of us ever undertakes laborious physical exercise, except to obtain some advantage from it? But who has any right to find fault with a man who chooses to enjoy a pleasure that has no annoying consequences, or one who avoids a pain that produces no resultant pleasure?""  Section 1.10.33 of ""de Finibus Bonorum et Malorum"", written by Cicero in 45 BC ""At vero eos et accusamus et iusto odio dignissimos ducimus qui blanditiis praesentium voluptatum deleniti atque corrupti quos dolores et quas molestias excepturi sint occaecati cupiditate non provident, similique sunt in culpa qui officia deserunt mollitia animi, id est laborum et dolorum fuga. Et harum quidem rerum facilis est et expedita distinctio. Nam libero tempore, cum soluta nobis est eligendi optio cumque nihil impedit quo minus id quod maxime placeat facere possimus, omnis voluptas assumenda est, omnis dolor repellendus. Temporibus autem quibusdam et aut officiis debitis aut rerum necessitatibus saepe eveniet ut et voluptates repudiandae sint et molestiae non recusandae. Itaque earum rerum hic tenetur a sapiente delectus, ut aut reiciendis voluptatibus maiores alias consequatur aut perferendis doloribus asperiores repellat.""  1914 translation by H. Rackham ""On the other hand, we denounce with righteous indignation and dislike men who are so beguiled and demoralized by the charms of pleasure of the moment, so blinded by desire, that they cannot foresee the pain and trouble that are bound to ensue; and equal blame belongs to those who fail in their duty through weakness of will, which is the same as saying through shrinking from toil and pain. These cases are perfectly simple and easy to distinguish. In a free hour, when our power of choice is untrammelled and when nothing prevents our being able to do what we like best, every pleasure is to be welcomed and every pain avoided. But in certain circumstances and owing to the claims of duty or the obligations of business it will frequently occur that pleasures have to be repudiated and annoyances accepted. The wise man therefore always holds in these matters to this principle of selection: he rejects pleasures to secure other greater pleasures, or else he endures pains to avoid worse pains.""",JOB,da98f9b6-ea82-46f9-9e0c-83f448a2818e,NULL,b91189e3-47b3-44b1-a685-0252e97c7d1c,67ef48a7-3430-4c29-873e-75cee189c472,NULL
76b55b66-f9d6-4d12-b9fd-4d6f3f8ec915,NULL,2024-01-30 12:13:16,NULL,2024-01-30 12:13:16,NULL,NULL,NULL,NULL,NULL,NULL,_binary '0',OK got it,JOB,1f47be18-0f31-4e1f-adff-d21ecdecc152,NULL,9e11456c-f0f6-48c7-9cbf-6f4447379727,c8367fc3-d459-4b83-b48b-37521e6d4795,NULL
7c0e53c3-cc57-4b3d-b140-ba84b5667568,NULL,2024-05-10 04:52:01,NULL,2024-05-10 04:52:01,NULL,NULL,NULL,NULL,NULL,NULL,_binary '0',"Lorem Ipsum is simply dummy text of the printing and typesetting industry. Lorem Ipsum has been the industry's standard dummy text ever since the 1500s,",JOB,d36a0d37-9337-4b5d-bd7a-ee819291835b,NULL,b91189e3-47b3-44b1-a685-0252e97c7d1c,67ef48a7-3430-4c29-873e-75cee189c472,NULL
7f52ba69-eaef-4a3f-ad5e-ed1e88599d83,NULL,2024-02-01 10:08:15,NULL,2024-02-01 10:09:10,SamplePNGImage_5mbmb.png,NULL,NULL,IconicWorkerUserImages/47f5f2ef-0913-4bd1-8e50-41557749f20c,NULL,NULL,_binary '',This is a test message,JOBSITE,NULL,d700e9df-4430-451b-bb7f-ee44a8ba47a8,c8367fc3-d459-4b83-b48b-37521e6d4795,a3d2b1e9-d64f-46b7-85f5-af83442a5547,f7e09a53-c991-4eea-b00a-5e8f2cf6d589
80a7e813-f6fe-44bd-a999-193921ff9c18,NULL,2024-04-23 12:11:13,NULL,2024-04-23 12:13:22,Building.jpg,Bunglow.jpg,download.jpg,IconicWorkerUserImages/f33ecbc3-fa34-4c67-bc79-4e2f62b96062,IconicWorkerUserImages/897e9d4a-a6f4-4acd-88d7-756bddeb12d7,IconicWorkerUserImages/ad782598-5656-4659-8f9b-97b5c7d92f15,_binary '',Hi,JOB,86d1a2c9-ffe6-41ac-8ad8-943ddebd33c5,NULL,c8367fc3-d459-4b83-b48b-37521e6d4795,1ec5afe3-043f-45dd-8f4c-7a84d55db398,NULL
85888952-6339-4203-afaa-f2747d5179b7,NULL,2024-02-12 06:28:07,NULL,2024-02-12 06:28:48,sample.pdf,SamplePNGImage_200kbmb.png,NULL,IconicWorkerUserImages/c6c88b88-9ce9-4ded-b8b1-45369fea4366,IconicWorkerUserImages/0bfcc5ae-9859-4076-af72-416f28593b08,NULL,_binary '',Test 12-02,PROJECT,NULL,NULL,c8367fc3-d459-4b83-b48b-37521e6d4795,a3d2b1e9-d64f-46b7-85f5-af83442a5547,e33b9830-c1c7-4e2d-9960-1122092455fe
8644bce2-7a64-4911-8586-c289c57984b3,NULL,2024-04-17 10:02:30,NULL,2024-04-17 12:11:21,NULL,NULL,NULL,NULL,NULL,NULL,_binary '',This is test 2,JOB,027f3513-ce7a-4d5d-8ff2-335435b19bc0,NULL,0c36a187-4358-49d8-96da-a03c74687490,c8367fc3-d459-4b83-b48b-37521e6d4795,NULL
89766649-3bbf-4d0a-aac8-873176903ee2,NULL,2024-01-30 12:14:58,NULL,2024-01-30 12:23:14,image_sW.png,NULL,NULL,IconicWorkerUserImages/13c5a014-4aa2-4389-9255-118c2d810fb3,NULL,NULL,_binary '',With attachment,JOB,1f47be18-0f31-4e1f-adff-d21ecdecc152,NULL,c8367fc3-d459-4b83-b48b-37521e6d4795,9e11456c-f0f6-48c7-9cbf-6f4447379727,NULL
9741719a-4e1c-4bf8-80d5-2094e3a54a9b,NULL,2024-05-10 04:55:56,NULL,2024-05-10 04:56:13,Home.jpg,sample.pdf,SamplePNGImage_1mbmb.png,IconicWorkerUserImages/042acd7d-a659-49c7-815c-7ab73abcb924,IconicWorkerUserImages/297c194f-1486-4fa2-ab20-24db5bfb3a4f,IconicWorkerUserImages/7ad8ef96-97e0-4fce-a2ae-db002d77fd5b,_binary '',Hi Good morning,JOB,47c95842-c435-4dd6-9ac6-9b3abb67893b,NULL,b91189e3-47b3-44b1-a685-0252e97c7d1c,c9a92ec3-4ed8-4db2-b186-cb54e9864a29,NULL
97b22773-6667-43e0-92e3-4fdcf790827b,NULL,2025-04-30 05:57:07,NULL,2025-04-30 06:01:00,NULL,NULL,NULL,NULL,NULL,NULL,_binary '',We would like to invite you for the new solar related project.,PROJECT,NULL,NULL,c0f385bf-790f-431d-8dc4-1bf83ba3a392,6fdfa82e-6825-4658-a162-a518011bffd8,64c1e657-18d7-4898-9bba-836061f604bc
9b751285-0dcd-4e53-8eee-aaaea1acc0dd,NULL,2024-07-09 08:57:37,NULL,2024-07-09 08:57:37,NULL,NULL,NULL,NULL,NULL,NULL,_binary '0',"The standard Lorem Ipsum passage, used since the 1500s ""Lorem ipsum dolor sit amet, consectetur adipiscing elit, sed do eiusmod tempor incididunt ut labore et dolore magna aliqua. Ut enim ad minim veniam, quis nostrud exercitation ullamco laboris nisi ut aliquip ex ea commodo consequat. Duis aute irure dolor in reprehenderit in voluptate velit esse cillum dolore eu fugiat nulla pariatur. Excepteur sint occaecat cupidatat non proident, sunt in culpa qui officia deserunt mollit anim id est laborum.""  Section 1.10.32 of ""de Finibus Bonorum et Malorum"", written by Cicero in 45 BC ""Sed ut perspiciatis unde omnis iste natus error sit voluptatem accusantium doloremque laudantium, totam rem aperiam, eaque ipsa quae ab illo inventore veritatis et quasi architecto beatae vitae dicta sunt explicabo. Nemo enim ipsam voluptatem quia voluptas sit aspernatur aut odit aut fugit, sed quia consequuntur magni dolores eos qui ratione voluptatem sequi nesciunt. Neque porro quisquam est, qui dolorem ipsum quia dolor sit amet, consectetur, adipisci velit, sed quia non numquam eius modi tempora incidunt ut labore et dolore magnam aliquam quaerat voluptatem. Ut enim ad minima veniam, quis nostrum exercitationem ullam corporis suscipit laboriosam, nisi ut aliquid ex ea commodi consequatur? Quis autem vel eum iure reprehenderit qui in ea voluptate velit esse quam nihil molestiae consequatur, vel illum qui dolorem eum fugiat quo voluptas nulla pariatur?""  1914 translation by H. Rackham ""But I must explain to you how all this mistaken idea of denouncing pleasure and praising pain was born and I will give you a complete account of the system, and expound the actual teachings of the great explorer of the truth, the master-builder of human happiness. No one rejects, dislikes, or avoids pleasure itself, because it is pleasure, but because those who do not know how to pursue pleasure rationally encounter consequences that are extremely painful. Nor again is there anyone who loves or pursues or desires to obtain pain of itself, because it is pain, but because occasionally circumstances occur in which toil and pain can procure him some great pleasure. To take a trivial example, which of us ever undertakes laborious physical exercise, except to obtain some advantage from it? But who has any right to find fault with a man who chooses to enjoy a pleasure that has no annoying consequences, or one who avoids a pain that produces no resultant pleasure?""  Section 1.10.33 of ""de Finibus Bonorum et Malorum"", written by Cicero in 45 BC ""At vero eos et accusamus et iusto odio dignissimos ducimus qui blanditiis praesentium voluptatum deleniti atque corrupti quos dolores et quas molestias excepturi sint occaecati cupiditate non provident, similique sunt in culpa qui officia deserunt mollitia animi, id est laborum et dolorum fuga. Et harum quidem rerum facilis est et expedita distinctio. Nam libero tempore, cum soluta nobis est eligendi optio cumque nihil impedit quo minus id quod maxime placeat facere possimus, omnis voluptas assumenda est, omnis dolor repellendus. Temporibus autem quibusdam et aut officiis debitis aut rerum necessitatibus saepe eveniet ut et voluptates repudiandae sint et molestiae non recusandae. Itaque earum rerum hic tenetur a sapiente delectus, ut aut reiciendis voluptatibus maiores alias consequatur aut perferendis doloribus asperiores repellat.""  1914 translation by H. Rackham ""On the other hand, we denounce with righteous indignation and dislike men who are so beguiled and demoralized by the charms of pleasure of the moment, so blinded by desire, that they cannot foresee the pain and trouble that are bound to ensue; and equal blame belongs to those who fail in their duty through weakness of will, which is the same as saying through shrinking from toil and pain. These cases are perfectly simple and easy to distinguish. In a free hour, when our power of choice is untrammelled and when nothing prevents our being able to do what we like best, every pleasure is to be welcomed and every pain avoided. But in certain circumstances and owing to the claims of duty or the obligations of business it will frequently occur that pleasures have to be repudiated and annoyances accepted. The wise man therefore always holds in these matters to this principle of selection: he rejects pleasures to secure other greater pleasures, or else he endures pains to avoid worse pains.""",JOB,59bc94d7-81b3-41af-95c8-62c79dc32809,NULL,ea8d9856-029d-4071-8305-def44004aca8,b91189e3-47b3-44b1-a685-0252e97c7d1c,NULL
a5413d86-0300-4bc7-9e86-a18c3ddc06ac,NULL,2024-02-08 09:53:13,NULL,2024-02-08 10:01:54,NULL,NULL,NULL,NULL,NULL,NULL,_binary '',hello,JOBSITE,NULL,c7828149-16f6-4459-9f1c-89250e821652,c8367fc3-d459-4b83-b48b-37521e6d4795,a3d2b1e9-d64f-46b7-85f5-af83442a5547,5f5fc3f4-90c9-4244-86d8-e97a76997e80
a67eb077-3a20-4e85-8f6b-61930d1c90d7,NULL,2024-04-25 05:04:30,NULL,2024-04-25 05:04:58,NULL,NULL,NULL,NULL,NULL,NULL,_binary '',ok,PROJECT,NULL,NULL,8e9967a6-5915-45d4-a25e-11b1876d18df,b91189e3-47b3-44b1-a685-0252e97c7d1c,42b7eb21-f610-42eb-8fed-bda227dfef76
a84ec16c-eb19-451a-991a-4117cbf95c59,NULL,2024-02-09 12:45:36,NULL,2024-02-09 12:46:29,sample.pdf,NULL,NULL,IconicWorkerUserImages/9c347d9d-15a0-41f5-b311-b5771f586ef9,NULL,NULL,_binary '',tech llp from client,PROJECT,NULL,NULL,c8367fc3-d459-4b83-b48b-37521e6d4795,a3d2b1e9-d64f-46b7-85f5-af83442a5547,e33b9830-c1c7-4e2d-9960-1122092455fe
a8d5280c-1f9d-45a0-970c-a80165877df8,NULL,2024-02-09 13:05:12,NULL,2024-02-09 13:07:50,NULL,NULL,NULL,NULL,NULL,NULL,_binary '',HSZ test Techllp,PROJECT,NULL,NULL,c8367fc3-d459-4b83-b48b-37521e6d4795,a3d2b1e9-d64f-46b7-85f5-af83442a5547,e33b9830-c1c7-4e2d-9960-1122092455fe
aa444deb-d0ea-4133-a544-3a26a216e802,NULL,2024-02-01 10:09:34,NULL,2024-02-01 10:10:59,SamplePNGImage_1mbmb.png,NULL,NULL,IconicWorkerUserImages/1b6f7494-66b9-4494-b2e2-06fb03497014,NULL,NULL,_binary '',Thank you,JOBSITE,NULL,d700e9df-4430-451b-bb7f-ee44a8ba47a8,a3d2b1e9-d64f-46b7-85f5-af83442a5547,c8367fc3-d459-4b83-b48b-37521e6d4795,f7e09a53-c991-4eea-b00a-5e8f2cf6d589
ab2ab472-ab90-4f1e-8f1a-b9153849936b,NULL,2024-04-23 10:59:29,NULL,2024-04-23 10:59:29,NULL,NULL,NULL,NULL,NULL,NULL,_binary '0',Test abcdeeeeeeeeeeeeeeeeeeeeeeeffffffffffffffffffffffffffffffffffffffhhhhhhhhhhhhhhhhhhhhhhhhhaaaaaaaaaaaaaaaaaaaaaaaaa,PROJECT,NULL,NULL,8e9967a6-5915-45d4-a25e-11b1876d18df,c8367fc3-d459-4b83-b48b-37521e6d4795,49250ce0-2bfc-44d4-934b-3c07ed3fce7b
ae954964-b434-4e1d-a13d-a46c05d96390,NULL,2024-07-08 10:25:18,NULL,2024-07-08 10:25:18,NULL,NULL,NULL,NULL,NULL,NULL,_binary '0',"{""message"":""I hope this message finds each of you in good spirits and health. I wanted to take a moment to express my gratitude for the dedication and hard work you have all demonstrated on our current project. Your efforts have not gone unnoticed, and they are truly appreciated.  As we move forward, I wanted to provide a comprehensive update on where we stand and what lies ahead. Over the past few months, we have successfully completed the initial phases of research, planning, and design. These milestones have laid a solid foundation for the project's next steps.  Looking ahead, our focus will shift towards execution and implementation. We are entering a critical phase where timelines will tighten, and deliverables will become more tangible. It's imperative that we maintain the same level of diligence and teamwork that has brought us this far.  I encourage each of you to review the updated project timeline and deliverables attached to this message. Your roles and responsibilities are integral to our success, and your insights will be crucial as we navigate challenges and seize opportunities.  In addition to our operational tasks, I also want to emphasize the importance of communication. Open lines of communication foster collaboration and innovation. If you have any questions, concerns, or ideas, please do not hesitate to share them with me or with the team.  Together, we have the opportunity to make a significant impact with this project. Let's continue to work together, support one another, and strive for excellence in everything we do.  Thank you once again for your hard work and dedication. I look forward to achieving great things "",""postedBy"":{""id"":""73c35bda-c637-4513-a758-b9491df12540"",""createdBy"":""73c35bda-c637-4513-a758-b9491df12540"",""createdDate"":""2024-02-07T05:41:16.000+00:00"",""updatedDate"":""2024-06-26T04:45:13.000+00:00"",""updatedBy"":""73c35bda-c637-4513-a758-b9491df12540"",""firstName"":""RAVI"",""lastName"":""PATEL"",""email"":""prpsub1@yopmail.com"",""password"":""$2a$10$Jqhnx4vqAUQeIM2MgiTbDOgmo5IETSNun8/iufVc6Zg4YeS3A5fRm"",""roles"":[{""id"":""2b893929-4fe5-4942-b751-da9c7d563bbe"",""createdBy"":""73c35bda-c637-4513-a758-b9491df12540"",""createdDate"":""2024-02-07T05:41:16.000+00:00"",""updatedDate"":""2024-02-07T05:41:16.000+00:00"",""updatedBy"":""73c35bda-c637-4513-a758-b9491df12540"",""roleName"":""SUBCONTRACTOR""}],""isActive"":true,""isVerified"":true,""isDeleted"":false},""postedTo"":{""id"":""c8367fc3-d459-4b83-b48b-37521e6d4795"",""firstName"":""Alex"",""lastName"":""Neilson""},""type"":""JOBSITE"",""project"":{""id"":""4391caa2-bd99-40c8-b73a-6b957d9e2fe3"",""createdBy"":""c8367fc3-d459-4b83-b48b-37521e6d4795"",""createdDate"":""2024-03-01T09:21:14.000+00:00"",""updatedDate"":""2024-03-21T07:15:04.000+00:00"",""updatedBy"":""c8367fc3-d459-4b83-b48b-37521e6d4795"",""user"":{""id"":""c8367fc3-d459-4b83-b48b-37521e6d4795"",""firstName"":""Alex"",""lastName"":""Neilson""},""title"":""PRP issue 277"",""company"":{""id"":""e7dfc22d-1a62-47fb-a167-d20be4faad53"",""name"":""Electrify America""},""region"":""Mid-West"",""state"":""Alaska"",""industry"":{""id"":""5497877d-e632-46ae-8823-272f5073c085"",""name"":""Telecommunications"",""logo"":""""},""bidDueDate"":""2024-03-01T18:30:00.000+00:00"",""startDate"":""2024-03-08T18:30:00.000+00:00"",""completionDate"":""2024-03-11T18:30:00.000+00:00"",""type"":""OPEN_MARKET_REQUEST"",""status"":""POSTED"",""lastSavedStep"":0,""jobsite"":[{""id"":""81b0f3eb-d6a3-4a9b-8245-d2a81210162a"",""title"":""test 01-03-2024"",""description"":""test 01-03-2024"",""cost"":156,""state"":""New South Wales"",""city"":""Eastwood"",""status"":""IN_PROGRESS"",""location"":""245 Ryedale Rd, Eastwood NSW 2122, Australia"",""zipCode"":""2122"",""jobCode"":""4566"",""latitude"":-33.7954876,""longitude"":151.0882894,""assignedTo"":{""id"":""73c35bda-c637-4513-a758-b9491df12540"",""firstName"":""RAVI"",""lastName"":""PATEL""},""lineItem"":[{""id"":""2b1aa773-1f08-4047-9a41-0d0dde5c6d0a"",""workType"":""Work Type 1"",""lineItemId"":""252525"",""lineItemName"":""PRP TEST 01-03-2024"",""quantity"":1,""unit"":{""id"":""3a34a3dd-ddd0-4554-9d19-6501b5bd3dcb"",""name"":""Hourly""},""cost"":156,""costByContractor"":false,""description"":""<p>PRP TEST 01-03-2024</p>"",""inclusions"":"""",""exclusions"":"""",""dynamicLabel1"":"""",""dynamicLabel2"":"""",""dynamicLabel3"":"""",""isChangeRequestStatus"":false}],""paymentMileStone"":[{""id"":""ee707a1c-209b-4d7e-b739-58e47e0163ef"",""name"":""PRP TEST 01-03-2024"",""lineItem"":[{""id"":""2b1aa773-1f08-4047-9a41-0d0dde5c6d0a"",""workType"":""Work Type 1"",""lineItemId"":""252525"",""lineItemName"":""PRP TEST 01-03-2024"",""quantity"":1,""unit"":{""id"":""3a34a3dd-ddd0-4554-9d19-6501b5bd3dcb"",""name"":""Hourly""},""cost"":156,""costByContractor"":false,""description"":""<p>PRP TEST 01-03-2024</p>"",""inclusions"":"""",""exclusions"":"""",""dynamicLabel1"":"""",""dynamicLabel2"":"""",""dynamicLabel3"":"""",""isChangeRequestStatus"":false}],""amount"":156,""percentage"":100,""hasAdvancePayment"":false}],""jobsiteType"":""FIX_RATE"",""noOfOpeningJob"":0,""perDiemRate"":0,""minimumMile"":0,""milageRate"":0,""annualSalaryFrom"":0,""annualSalaryTo"":0,""lastSavedStep"":0,""hourlyRateFrom"":0,""hourlyRateTo"":0,""workerMargin"":0,""jobsiteNumber"":""9509"",""user"":{""id"":""c8367fc3-d459-4b83-b48b-37521e6d4795"",""firstName"":""Alex"",""lastName"":""Neilson""},""isPayForMilage"":false,""isYearlyBonus"":false,""isHealthBenifit"":false,""is401KRetirement"":false,""isRelocationBenifit"":false},{""id"":""77435033-c8d9-46de-8133-b4630bcf33a3"",""title"":""PRP TEST2 01-03-2024"",""description"":""PRP TEST2 01-03-2024"",""cost"":1000,""state"":""Telangana"",""city"":""Hyderabad"",""status"":""IN_PROGRESS"",""location"":""CCPX+VM6, Swathi Avenue, Ameerpet, Hyderabad, Telangana 500016, India"",""zipCode"":""50001"",""jobCode"":""4444"",""latitude"":17.4371604,""longitude"":78.4491409,""assignedTo"":{""id"":""73c35bda-c637-4513-a758-b9491df12540"",""firstName"":""RAVI"",""lastName"":""PATEL""},""lineItem"":[{""id"":""4ceb05d5-87cb-4d78-aa8e-b1e7100d29b6"",""workType"":""Work Type 1"",""lineItemId"":""PRP TEST2 01-03-2024"",""lineItemName"":""PRP TEST2 01-03-2024"",""quantity"":2424,""unit"":{""id"":""25287602-4727-4b94-8f8c-35d7676fc7e5"",""name"":""Foot""},""cost"":1000,""costByContractor"":false,""description"":""<p>PRP TEST 01-03-2024</p>"",""inclusions"":"""",""exclusions"":"""",""dynamicLabel1"":"""",""dynamicLabel2"":"""",""dynamicLabel3"":"""",""isChangeRequestStatus"":false}],""paymentMileStone"":[{""id"":""53fe682e-4e69-4c92-9289-fd2649cd5ee0"",""name"":""PRP TEST2 01-03-2024"",""lineItem"":[{""id"":""4ceb05d5-87cb-4d78-aa8e-b1e7100d29b6"",""workType"":""Work Type 1"",""lineItemId"":""PRP TEST2 01-03-2024"",""lineItemName"":""PRP TEST2 01-03-2024"",""quantity"":2424,""unit"":{""id"":""25287602-4727-4b94-8f8c-35d7676fc7e5"",""name"":""Foot""},""cost"":1000,""costByContractor"":false,""description"":""<p>PRP TEST 01-03-2024</p>"",""inclusions"":"""",""exclusions"":"""",""dynamicLabel1"":"""",""dynamicLabel2"":"""",""dynamicLabel3"":"""",""isChangeRequestStatus"":false}],""amount"":1000,""percentage"":100,""hasAdvancePayment"":false}],""jobsiteType"":""FIX_RATE"",""noOfOpeningJob"":0,""perDiemRate"":0,""minimumMile"":0,""milageRate"":0,""annualSalaryFrom"":0,""annualSalaryTo"":0,""lastSavedStep"":0,""hourlyRateFrom"":0,""hourlyRateTo"":0,""workerMargin"":0,""jobsiteNumber"":""2826"",""user"":{""id"":""c8367fc3-d459-4b83-b48b-37521e6d4795"",""firstName"":""Alex"",""lastName"":""Neilson""},""isPayForMilage"":false,""isYearlyBonus"":false,""isHealthBenifit"":false,""is401KRetirement"":false,""isRelocationBenifit"":false}],""projectPostedDate"":""2024-03-21T07:15:04.000+00:00"",""cost"":1156,""latitude"":0,""longitude"":0,""projectNumber"":""4248"",""isSaveAsDraft"":false,""isNegotiable"":true,""isSingleJobsite"":false},""jobSite"":{""id"":""77435033-c8d9-46de-8133-b4630bcf33a3"",""title"":""PRP TEST2 01-03-2024"",""description"":""PRP TEST2 01-03-2024"",""cost"":1000,""state"":""Telangana"",""city"":""Hyderabad"",""status"":""IN_PROGRESS"",""location"":""CCPX+VM6, Swathi Avenue, Ameerpet, Hyderabad, Telangana 500016, India"",""zipCode"":""50001"",""jobCode"":""4444"",""latitude"":17.4371604,""longitude"":78.4491409,""assignedTo"":{""id"":""73c35bda-c637-4513-a758-b9491df12540"",""firstName"":""RAVI"",""lastName"":""PATEL""},""lineItem"":[{""id"":""4ceb05d5-87cb-4d78-aa8e-b1e7100d29b6"",""workType"":""Work Type 1"",""lineItemId"":""PRP TEST2 01-03-2024"",""lineItemName"":""PRP TEST2 01-03-2024"",""quantity"":2424,""unit"":{""id"":""25287602-4727-4b94-8f8c-35d7676fc7e5"",""name"":""Foot""},""cost"":1000,""costByContractor"":false,""description"":""<p>PRP TEST 01-03-2024</p>"",""inclusions"":"""",""exclusions"":"""",""dynamicLabel1"":"""",""dynamicLabel2"":"""",""dynamicLabel3"":"""",""isChangeRequestStatus"":false}],""paymentMileStone"":[{""id"":""53fe682e-4e69-4c92-9289-fd2649cd5ee0"",""name"":""PRP TEST2 01-03-2024"",""lineItem"":[{""id"":""4ceb05d5-87cb-4d78-aa8e-b1e7100d29b6"",""workType"":""Work Type 1"",""lineItemId"":""PRP TEST2 01-03-2024"",""lineItemName"":""PRP TEST2 01-03-2024"",""quantity"":2424,""unit"":{""id"":""25287602-4727-4b94-8f8c-35d7676fc7e5"",""name"":""Foot""},""cost"":1000,""costByContractor"":false,""description"":""<p>PRP TEST 01-03-2024</p>"",""inclusions"":"""",""exclusions"":"""",""dynamicLabel1"":"""",""dynamicLabel2"":"""",""dynamicLabel3"":"""",""isChangeRequestStatus"":false}],""amount"":1000,""percentage"":100,""hasAdvancePayment"":false}],""jobsiteType"":""FIX_RATE"",""noOfOpeningJob"":0,""perDiemRate"":0,""minimumMile"":0,""milageRate"":0,""annualSalaryFrom"":0,""annualSalaryTo"":0,""lastSavedStep"":0,""hourlyRateFrom"":0,""hourlyRateTo"":0,""workerMargin"":0,""jobsiteNumber"":""2826"",""user"":{""id"":""c8367fc3-d459-4b83-b48b-37521e6d4795"",""firstName"":""Alex"",""lastName"":""Neilson""},""isPayForMilage"":false,""isYearlyBonus"":false,""isHealthBenifit"":false,""is401KRetirement"":false,""isRelocationBenifit"":false}}",JOBSITE,NULL,b2e6c68b-8de7-4895-b1fd-ffa05eb0ac56,73c35bda-c637-4513-a758-b9491df12540,c8367fc3-d459-4b83-b48b-37521e6d4795,525a0b6b-35ea-4eac-beed-fa3da163bcbc
b2c3f05e-e380-4922-913e-9a6934d4abe3,NULL,2024-02-28 04:56:07,NULL,2024-02-28 04:56:07,NULL,NULL,NULL,NULL,NULL,NULL,_binary '0',Hello Architect,JOB,84e4cfa3-0c23-4c62-a76b-bad1b946d703,NULL,54fea194-4220-40ff-83dd-00c5a946dc25,c8367fc3-d459-4b83-b48b-37521e6d4795,NULL
b37a99e5-0958-4a6e-ac7e-468678a386fe,NULL,2024-07-10 06:20:08,NULL,2024-07-10 06:20:08,NULL,NULL,NULL,NULL,NULL,NULL,_binary '0',"The standard Lorem Ipsum passage, used since the 1500s ""Lorem ipsum dolor sit amet, consectetur adipiscing elit, sed do eiusmod tempor incididunt ut labore et dolore magna aliqua. Ut enim ad minim veniam, quis nostrud exercitation ullamco laboris nis",JOBSITE,NULL,18c126de-32a8-4138-b0ac-9205727582f1,8e9967a6-5915-45d4-a25e-11b1876d18df,b91189e3-47b3-44b1-a685-0252e97c7d1c,3d3c3770-6a10-4004-8cb8-3e07ebf39188
b6b1c071-14d9-4b11-a3ba-37e0e32408e8,NULL,2024-01-30 12:12:58,NULL,2024-01-30 12:23:14,NULL,NULL,NULL,NULL,NULL,NULL,_binary '',I am testing it,JOB,1f47be18-0f31-4e1f-adff-d21ecdecc152,NULL,c8367fc3-d459-4b83-b48b-37521e6d4795,9e11456c-f0f6-48c7-9cbf-6f4447379727,NULL
ba1bb554-fab8-4541-8d4c-8631c68ba09f,NULL,2024-05-09 06:20:51,NULL,2024-05-09 06:20:51,NULL,NULL,NULL,NULL,NULL,NULL,_binary '0',Hi,JOBSITE,NULL,f34c5349-208d-40c3-acad-95af57906265,b91189e3-47b3-44b1-a685-0252e97c7d1c,c9a92ec3-4ed8-4db2-b186-cb54e9864a29,ad3fbaf0-ed03-46f0-aa46-145fe4f44dfa
ba4be06d-4965-403f-b41f-e09e79c01265,NULL,2025-04-10 10:53:03,NULL,2025-04-10 10:53:29,NULL,NULL,NULL,NULL,NULL,NULL,_binary '',hi,JOB,9f5625af-8059-4d74-aeaa-e8a1afe37f62,NULL,54fea194-4220-40ff-83dd-00c5a946dc25,c8367fc3-d459-4b83-b48b-37521e6d4795,NULL
c1dfd547-f978-48b7-883b-0b528be34094,NULL,2024-02-27 14:13:05,NULL,2024-02-27 14:13:05,NULL,NULL,NULL,NULL,NULL,NULL,_binary '0',XYZ,JOB,5deb3b6c-3864-494c-85df-87ae18251173,NULL,54fea194-4220-40ff-83dd-00c5a946dc25,c8367fc3-d459-4b83-b48b-37521e6d4795,NULL
cade399b-f103-48d8-b5cc-adfc00401bcd,NULL,2024-01-30 12:26:44,NULL,2024-01-30 12:26:44,BM.png,level3.png,NULL,IconicWorkerUserImages/de58682e-c2b7-4a01-baa5-36260e9f9234,IconicWorkerUserImages/27c0f9ae-70ce-499e-a491-24744a5f4fac,NULL,_binary '0',Sample images,JOB,1f47be18-0f31-4e1f-adff-d21ecdecc152,NULL,9e11456c-f0f6-48c7-9cbf-6f4447379727,c8367fc3-d459-4b83-b48b-37521e6d4795,NULL
cf4c0b6d-b6f9-4445-b89f-add65b7fa27d,NULL,2024-02-27 14:13:42,NULL,2024-02-27 14:13:42,NULL,NULL,NULL,NULL,NULL,NULL,_binary '0',Bharat,JOB,5deb3b6c-3864-494c-85df-87ae18251173,NULL,54fea194-4220-40ff-83dd-00c5a946dc25,c8367fc3-d459-4b83-b48b-37521e6d4795,NULL
d245cbce-4e09-46b8-b5b6-f03e922d6a76,NULL,2024-07-10 06:07:11,NULL,2024-07-10 06:07:11,NULL,NULL,NULL,NULL,NULL,NULL,_binary '0',nhjnkkfngjtk,JOBSITE,NULL,b2e6c68b-8de7-4895-b1fd-ffa05eb0ac56,73c35bda-c637-4513-a758-b9491df12540,c8367fc3-d459-4b83-b48b-37521e6d4795,525a0b6b-35ea-4eac-beed-fa3da163bcbc
d2fea4a9-5668-4547-ae65-b9a64d2d8e83,NULL,2024-02-09 05:28:53,NULL,2024-02-09 05:28:53,NULL,NULL,NULL,NULL,NULL,NULL,_binary '0',hello telenet,PROJECT,NULL,NULL,a3d2b1e9-d64f-46b7-85f5-af83442a5547,c8367fc3-d459-4b83-b48b-37521e6d4795,faf71bbc-4464-4cf5-a58c-c488a3bcf6bd
d3a66dff-dd38-4aa2-815d-8fe042f35cc4,NULL,2024-02-28 04:57:34,NULL,2024-02-28 04:57:53,NULL,NULL,NULL,NULL,NULL,NULL,_binary '',"Hi Alex, Atalanta this side",JOB,d24e512e-cb33-48fe-90da-cf3ff94fee99,NULL,9e11456c-f0f6-48c7-9cbf-6f4447379727,c8367fc3-d459-4b83-b48b-37521e6d4795,NULL
d963dbb6-be8b-4d01-a047-80b17c7cb640,NULL,2024-04-30 04:56:36,NULL,2024-05-10 05:00:48,NULL,NULL,NULL,NULL,NULL,NULL,_binary '',b,JOB,027f3513-ce7a-4d5d-8ff2-335435b19bc0,NULL,c8367fc3-d459-4b83-b48b-37521e6d4795,c9a92ec3-4ed8-4db2-b186-cb54e9864a29,NULL
debe9cf8-29f0-4bb1-9615-0dc68222b0b9,NULL,2022-02-16 08:36:44,NULL,2022-02-18 09:17:33,NULL,NULL,NULL,NULL,NULL,NULL,_binary '',selected,JOB,9c9b788c-7966-4c36-be35-b161b0f13818,NULL,c8367fc3-d459-4b83-b48b-37521e6d4795,9e11456c-f0f6-48c7-9cbf-6f4447379727,NULL
e18a9cfc-c037-410f-8c07-4a63e2dd1e40,NULL,2024-02-27 14:11:46,NULL,2024-02-27 14:11:46,NULL,NULL,NULL,NULL,NULL,NULL,_binary '0',Hello for TemporaryJob,JOB,5deb3b6c-3864-494c-85df-87ae18251173,NULL,54fea194-4220-40ff-83dd-00c5a946dc25,c8367fc3-d459-4b83-b48b-37521e6d4795,NULL
e1e2ef8e-e839-410b-99fa-b1b534e60162,NULL,2024-05-10 04:57:56,NULL,2024-05-10 04:58:09,NULL,NULL,NULL,NULL,NULL,NULL,_binary '',"Good morning Lorem Ipsum is simply dummy text of the printing and typesetting industry. Lorem Ipsum has been the industry's standard dummy text ever since the 1500s,",JOB,c0996cc8-ec79-4151-bc4d-57422a61473c,NULL,b91189e3-47b3-44b1-a685-0252e97c7d1c,c9a92ec3-4ed8-4db2-b186-cb54e9864a29,NULL
e5f8c57e-74b4-4b6f-aaaa-b04aa80858fb,NULL,2024-05-10 05:03:09,NULL,2024-05-10 05:03:09,SamplePNGImage_100kbmb.png,SamplePNGImage_200kbmb.png,SamplePNGImage_500kbmb.png,IconicWorkerUserImages/60d34f2b-c24d-429e-92c0-f9b95df5e416,IconicWorkerUserImages/7b9451e4-95dc-4df5-99ce-c8a2a169b7c4,IconicWorkerUserImages/4e2a7447-ce7e-4ce0-9414-8d28b036dddd,_binary '0',Hi,JOB,c0996cc8-ec79-4151-bc4d-57422a61473c,NULL,c9a92ec3-4ed8-4db2-b186-cb54e9864a29,b91189e3-47b3-44b1-a685-0252e97c7d1c,NULL
e964ebd5-5e94-4d08-9cbb-d3408a08a057,NULL,2024-02-28 06:52:23,NULL,2024-02-28 06:52:45,download.jpg,NULL,NULL,IconicWorkerUserImages/3530ce69-bcb5-45f4-be54-f646544fee60,NULL,NULL,_binary '',Thanks,JOB,c6d6220c-5a8b-4958-956a-b23d8e313877,NULL,1ec5afe3-043f-45dd-8f4c-7a84d55db398,c8367fc3-d459-4b83-b48b-37521e6d4795,NULL
ece94f7d-71ab-4538-b623-2630ad4feceb,NULL,2024-02-27 14:11:25,NULL,2024-02-27 14:11:25,NULL,NULL,NULL,NULL,NULL,NULL,_binary '0',Hello for Wikipedia,JOB,5deb3b6c-3864-494c-85df-87ae18251173,NULL,54fea194-4220-40ff-83dd-00c5a946dc25,c8367fc3-d459-4b83-b48b-37521e6d4795,NULL
f0151d40-3fc0-48a2-9dc1-a64e7c889475,NULL,2024-07-05 07:23:27,NULL,2024-07-05 07:23:27,NULL,NULL,NULL,NULL,NULL,NULL,_binary '0',https://aac-narola.tinytake.com/msc/OTUzMjk5OV8yMzE0MDUwOQ,JOB,c323a2d7-481a-4436-9187-ea831f4106e4,NULL,b91189e3-47b3-44b1-a685-0252e97c7d1c,dd272510-abea-4d7c-989b-4bce3091cca2,NULL
f1b7b17f-92e5-4a9d-8689-999f43783966,NULL,2024-05-10 04:57:17,NULL,2024-05-10 04:57:39,SamplePNGImage_500kbmb.png,NULL,NULL,IconicWorkerUserImages/42b734b6-76d4-4854-a3b8-b59b70decf95,NULL,NULL,_binary '',Hi Good morning,JOB,c0996cc8-ec79-4151-bc4d-57422a61473c,NULL,c9a92ec3-4ed8-4db2-b186-cb54e9864a29,b91189e3-47b3-44b1-a685-0252e97c7d1c,NULL
f1cea47f-56a2-4000-9e1a-7e95f1f14bbe,NULL,2024-03-19 06:18:13,NULL,2024-03-19 06:18:13,images.jpg,NULL,NULL,IconicWorkerUserImages/b3602659-9e80-4da3-b9ef-a4cf04484b86,NULL,NULL,_binary '0',Hi,JOB,aad187d9-dcda-40f7-aad3-687bbe8b63c1,NULL,1ec5afe3-043f-45dd-8f4c-7a84d55db398,c8367fc3-d459-4b83-b48b-37521e6d4795,NULL
f2dcee41-98e5-4bed-8c7f-31a1d69e4c3f,NULL,2024-01-30 12:13:37,NULL,2024-01-30 12:13:37,NULL,NULL,NULL,NULL,NULL,NULL,_binary '0',demo,JOB,1f47be18-0f31-4e1f-adff-d21ecdecc152,NULL,9e11456c-f0f6-48c7-9cbf-6f4447379727,c8367fc3-d459-4b83-b48b-37521e6d4795,NULL
f74f9573-743a-4014-92f3-1ce0fab091d8,NULL,2022-09-28 05:02:49,NULL,2022-09-28 05:03:01,NULL,NULL,NULL,NULL,NULL,NULL,_binary '',1,JOB,167752ba-3631-46a9-b0ca-ec0c5cd6c99d,NULL,c8367fc3-d459-4b83-b48b-37521e6d4795,9e11456c-f0f6-48c7-9cbf-6f4447379727,NULL
fb07aab0-f8b6-4809-991a-ef3918469423,NULL,2024-07-10 06:24:52,NULL,2024-07-10 06:24:52,NULL,NULL,NULL,NULL,NULL,NULL,_binary '0',"The standard Lorem Ipsum passage, used since the 1500s ""Lorem ipsum dolor sit amet, consectetur adipiscing elit, sed do eiusmod tempor incididunt ut labore et dolore magna aliqua. Ut enim ad minim veniam, quis nostrud exercitation ullamco laboris nisi ut aliquip ex ea commodo consequat. Duis aute irure dolor in reprehenderit in voluptate velit esse cillum dolore eu fugiat nulla pariatur. Excepteur sint occaecat cupidatat non proident, sunt in culpa qui officia deserunt mollit anim id est laborum.""  Section 1.10.32 of ""de Finibus Bonorum et Malorum"", written by Cicero in 45 BC ""Sed ut perspiciatis unde omnis iste natus error sit voluptatem accusantium doloremque laudantium, totam rem aperiam, eaque ipsa quae ab illo inventore veritatis et quasi architecto beatae vitae dicta sunt explicabo. Nemo enim ipsam voluptatem quia voluptas sit aspernatur aut odit aut fugit, sed quia consequuntur magni dolores eos qui ratione voluptatem sequi nesciunt. Neque porro quisquam est, qui dolorem ipsum quia dolor sit amet, consectetur, adipisci velit, sed quia non numquam eius modi tempora incidunt ut labore et dolore magnam aliquam quaerat voluptatem. Ut enim ad minima veniam, quis nostrum exercitationem ullam corporis suscipit laboriosam, nisi ut aliquid ex ea commodi consequatur? Quis autem vel eum iure reprehenderit qui in ea voluptate velit esse quam nihil molestiae consequatur, vel illum qui dolorem eum fugiat quo voluptas nulla pariatur?""  1914 translation by H. Rackham ""But I must explain to you how all this mistaken idea of denouncing pleasure and praising pain was born and I will give you a complete account of the system, and expound the actual teachings of the great explorer of the truth, the master-builder of human happiness. No one rejects, dislikes, or avoids pleasure itself, because it is pleasure, but because those who do not know how to pursue pleasure rationally encounter consequences that are extremely painful. Nor again is there anyone who loves or pursues or desires to obtain pain of itself, because it is pain, but because occasionally circumstances occur in which toil and pain can procure him some great pleasure. To take a trivial example, which of us ever undertakes laborious physical exercise, except to obtain some advantage from it? But who has any right to find fault with a man who chooses to enjoy a pleasure that has no annoying consequences, or one who avoids a pain that produces no resultant pleasure?""  Section 1.10.33 of ""de Finibus Bonorum et Malorum"", written by Cicero in 45 BC ""At vero eos et accusamus et iusto odio dignissimos ducimus qui blanditiis praesentium voluptatum deleniti atque corrupti quos dolores et quas molestias excepturi sint occaecati cupiditate non provident, similique sunt in culpa qui officia deserunt mollitia animi, id est laborum et dolorum fuga. Et harum quidem rerum facilis est et expedita distinctio. Nam libero tempore, cum soluta nobis est eligendi optio cumque nihil impedit quo minus id quod maxime placeat facere possimus, omnis voluptas assumenda est, omnis dolor repellendus. Temporibus autem quibusdam et aut officiis debitis aut rerum necessitatibus saepe eveniet ut et voluptates repudiandae sint et molestiae non recusandae. Itaque earum rerum hic tenetur a sapiente delectus, ut aut reiciendis voluptatibus maiores alias consequatur aut perferendis doloribus asperiores repellat.""  1914 translation by H. Rackham ""On the other hand, we denounce with righteous indignation and dislike men who are so beguiled and demoralized by the charms of pleasure of the moment, so blinded by desire, that they cannot foresee the pain and trouble that are bound to ensue; and equal blame belongs to those who fail in their duty through weakness of will, which is the same as saying through shrinking from toil and pain. These cases are perfectly simple and easy to distinguish. In a free hour, when our power of choice is untrammelled and when nothing prevents our being able to do what we like best, every pleasure is to be welcomed and every pain avoided. But in certain circumstances and owing to the claims of duty or the obligations of business it will frequently occur that pleasures have to be repudiated and annoyances accepted. The wise man therefore always holds in these matters to this principle of selection: he rejects pleasures to secure other greater pleasures, or else he endures pains to avoid worse pains.""",JOB,129f7476-471d-408a-9567-3eb428e55cfd,NULL,ea8d9856-029d-4071-8305-def44004aca8,b91189e3-47b3-44b1-a685-0252e97c7d1c,NULL
fd6914a8-9dde-4164-888d-2544ac5d0d9b,NULL,2024-02-09 12:42:44,NULL,2024-02-09 12:43:26,download.jpg,NULL,NULL,IconicWorkerUserImages/85d52e24-a1b2-430a-9a79-48a3ee1d0286,NULL,NULL,_binary '',Test message11,PROJECT,NULL,NULL,c8367fc3-d459-4b83-b48b-37521e6d4795,a3d2b1e9-d64f-46b7-85f5-af83442a5547,92ea6776-a0c4-4efb-ab52-9c4f26c0530f
