id,created_by,created_date,updated_by,updated_date,question,question_no,job_detail_id
0164954c-499b-4744-9290-aa44de9429d4,b91189e3-47b3-44b1-a685-0252e97c7d1c,2024-04-26 06:17:57,NULL,2024-04-26 06:17:57,"The standard Lorem Ipsum passage, used since the 1500s ""Lorem ipsum dolor sit amet, consectetur adip",8,d44e89c6-cced-4c35-96a9-c79783bee301
01c11c34-12ea-41f7-8956-a13363378204,b91189e3-47b3-44b1-a685-0252e97c7d1c,2024-04-26 06:17:57,NULL,2024-04-26 06:17:57,"The standard Lorem Ipsum passage, used since the 1500s ""Lorem ipsum dolor sit amet, consectetur adip",3,d44e89c6-cced-4c35-96a9-c79783bee301
02328974-10a3-4e16-b8f4-0ac2f073c1b2,c8367fc3-d459-4b83-b48b-37521e6d4795,2022-02-07 07:54:43,NULL,2022-02-07 07:54:43,What are your preferred working hours?,1,ef474866-9962-4eaf-9a43-0e9f085ac1ac
0397b340-794d-4450-9f55-01efbd069cf6,c8367fc3-d459-4b83-b48b-37521e6d4795,2024-06-11 05:39:01,NULL,2024-06-11 05:39:01,What specific skills do you possess that make you a good fit for this role?,1,9f5625af-8059-4d74-aeaa-e8a1afe37f62
04b1155d-3a31-4475-8e1e-b9c4ef15b1d5,b91189e3-47b3-44b1-a685-0252e97c7d1c,2024-08-20 05:12:50,NULL,2024-08-20 05:12:50,"The standard Lorem Ipsum passage, used since the 1500s ""Lorem ipsum dolor sit amet, consectetur adip",10,3cd6fb2c-fe4e-47de-991f-f5ccbe135809
0846ef41-ba16-4800-a16e-ca74241e25aa,c8367fc3-d459-4b83-b48b-37521e6d4795,2024-06-11 05:52:17,NULL,2024-06-11 05:52:17,test job ,1,d4d8a0fe-0557-4d2f-a386-b2e919571e4c
08f1e3f7-f6f1-4105-bf56-de3b4d985892,b91189e3-47b3-44b1-a685-0252e97c7d1c,2024-08-20 05:12:49,NULL,2024-08-20 05:12:49,"The standard Lorem Ipsum passage, used since the 1500s ""Lorem ipsum dolor sit amet, consectetur adip",4,3cd6fb2c-fe4e-47de-991f-f5ccbe135809
095940d0-f61e-4eb8-a07f-ccd56d359799,c8367fc3-d459-4b83-b48b-37521e6d4795,2024-02-16 08:51:52,NULL,2024-02-16 08:51:52,Question One,1,9bfa3d07-0edd-45fb-9339-7f4b9ce9e50a
09b00940-c31e-4ab5-a3e8-99b518c8f83b,c8367fc3-d459-4b83-b48b-37521e6d4795,2024-06-14 04:42:12,NULL,2024-06-14 04:42:12,Test question,3,d839f045-c281-4f90-8523-e28889d32283
09f6d6f8-10c5-4fd2-8520-cb3294b47ed9,b91189e3-47b3-44b1-a685-0252e97c7d1c,2024-08-08 10:23:06,NULL,2024-08-08 10:23:06,"The standard Lorem Ipsum passage, used since the 1500s ""Lorem ipsum dolor sit amet, consectetur adip",3,89aca828-d84c-4366-8d32-56e9b02695d1
0a1e5fa6-e3c7-478c-b93b-a5411df06d3b,b91189e3-47b3-44b1-a685-0252e97c7d1c,2024-07-08 11:33:02,NULL,2024-07-08 11:33:02,"The standard Lorem Ipsum passage, used since the 1500s ""Lorem ipsum dolor sit amet, consectetur adip",6,66137bf1-7076-4a9b-b8b3-a110d67b8de7
0c637c0a-ce91-4a4a-88dc-56b560ab113d,b91189e3-47b3-44b1-a685-0252e97c7d1c,2024-04-19 05:21:17,NULL,2024-04-19 05:21:17,"The standard Lorem Ipsum passage, used since the 1500s ""Lorem ipsum dolor sit amet, consectetur adip",9,134442a5-5f67-40a8-a2fd-25efea7a7e50
0ca06475-bc17-4840-9929-9ebd5ba11f58,c8367fc3-d459-4b83-b48b-37521e6d4795,2024-02-16 09:52:42,NULL,2024-02-16 09:52:42,Question Two,2,ec1279df-c4ba-41c1-be98-58800041dd8b
0d24ba0f-7daa-4c17-b6ae-6c36e95388bb,b91189e3-47b3-44b1-a685-0252e97c7d1c,2024-07-08 11:33:02,NULL,2024-07-08 11:33:02,"The standard Lorem Ipsum passage, used since the 1500s ""Lorem ipsum dolor sit amet, consectetur adip",7,66137bf1-7076-4a9b-b8b3-a110d67b8de7
0e599667-da0c-4df7-b67f-85feadd7b8d0,b91189e3-47b3-44b1-a685-0252e97c7d1c,2024-08-20 05:12:50,NULL,2024-08-20 05:12:50,"The standard Lorem Ipsum passage, used since the 1500s ""Lorem ipsum dolor sit amet, consectetur adip",6,3cd6fb2c-fe4e-47de-991f-f5ccbe135809
101c1d3b-1850-408d-8b69-6737a8403c22,c8367fc3-d459-4b83-b48b-37521e6d4795,2024-06-14 06:14:45,NULL,2024-06-14 06:14:45,test full time details,1,126b1a35-090c-4696-87ed-abc805a97d0b
1089042b-c294-490a-b275-2ad73a13344a,f0ff98fb-1811-4940-8054-c8b127ad6554,2025-04-17 07:03:55,NULL,2025-04-17 07:03:55,Do you have experience in utility-scale solar installations?,2,77311be6-16ac-46a8-ac8c-d904463c4f8c
12578acc-a0bd-4a87-b2bf-62e2375b5ba3,f0ff98fb-1811-4940-8054-c8b127ad6554,2025-04-17 07:03:55,NULL,2025-04-17 07:03:55,Are you certified by NABCEP?,3,77311be6-16ac-46a8-ac8c-d904463c4f8c
126ef871-54ef-4b2f-b593-d5f954015c34,c8367fc3-d459-4b83-b48b-37521e6d4795,2024-02-16 11:13:47,NULL,2024-02-16 11:13:47,q1,1,afb181cf-9b2d-4d55-a6a2-ca4ae7437a48
1298a044-7ebc-458a-b49f-d9ea388c5189,b91189e3-47b3-44b1-a685-0252e97c7d1c,2024-04-26 06:17:57,NULL,2024-04-26 06:17:57,"The standard Lorem Ipsum passage, used since the 1500s ""Lorem ipsum dolor sit amet, consectetur adip",1,d44e89c6-cced-4c35-96a9-c79783bee301
1322e335-5a14-4371-8db6-033461596986,b91189e3-47b3-44b1-a685-0252e97c7d1c,2024-07-29 08:50:25,NULL,2024-07-29 08:50:25,"The standard Lorem Ipsum passage, used since the 1500s ""Lorem ipsum dolor sit amet, consectetur adip",2,b6f5715d-e787-400b-a4bd-3efb53373f7b
13f5f978-47d0-4e89-acc0-045560dd523c,b91189e3-47b3-44b1-a685-0252e97c7d1c,2024-04-26 07:04:36,NULL,2024-04-26 07:04:36,"The standard Lorem Ipsum passage, used since the 1500s ""Lorem ipsum dolor sit amet, consectetur adip",10,8a7544d5-fbd2-4f32-8062-827ab7cbe846
140af44a-9774-43c4-b949-e2deedf2af63,b91189e3-47b3-44b1-a685-0252e97c7d1c,2024-07-29 08:50:25,NULL,2024-07-29 08:50:25,"The standard Lorem Ipsum passage, used since the 1500s ""Lorem ipsum dolor sit amet, consectetur adip",6,b6f5715d-e787-400b-a4bd-3efb53373f7b
1679b337-311a-4570-872e-5e8770a89eae,c8367fc3-d459-4b83-b48b-37521e6d4795,2024-06-13 10:28:29,NULL,2024-06-13 10:28:29,test job ,1,265c3b50-bd76-491b-8350-af69865bebe2
17fc5083-0407-45b0-8802-d86aee46ec14,b91189e3-47b3-44b1-a685-0252e97c7d1c,2024-04-19 05:21:17,NULL,2024-04-19 05:21:17,"The standard Lorem Ipsum passage, used since the 1500s ""Lorem ipsum dolor sit amet, consectetur adip",8,134442a5-5f67-40a8-a2fd-25efea7a7e50
191246de-8057-45b2-b07d-58c22aff6d2c,c8367fc3-d459-4b83-b48b-37521e6d4795,2024-02-16 09:52:42,NULL,2024-02-16 09:52:42,Question One,1,ec1279df-c4ba-41c1-be98-58800041dd8b
19f5b331-c03c-4147-9c07-5bf2eae78125,b91189e3-47b3-44b1-a685-0252e97c7d1c,2024-07-08 12:06:09,NULL,2024-07-08 12:06:09,"The standard Lorem Ipsum passage, used since the 1500s ""Lorem ipsum dolor sit amet, consectetur adip",2,ffe15cf6-a4e9-44b6-8fc5-00846da434ab
1a371141-2fd1-4eb2-bc7d-df9e4e111534,c8367fc3-d459-4b83-b48b-37521e6d4795,2023-07-19 09:44:57,NULL,2023-07-19 09:44:57,Communication skills,1,8edacfe4-4da8-4245-a377-cc4a2b9841dd
1c1ec656-a0d9-4216-9952-1d71678e40ed,b91189e3-47b3-44b1-a685-0252e97c7d1c,2024-07-15 07:11:50,NULL,2024-07-15 07:11:50,"The standard Lorem Ipsum passage, used since the 1500s ""Lorem ipsum dolor sit amet, consectetur adip",7,3cfb05c9-d87d-47dc-8219-078082690af6
1c4a75cf-a02a-4b5d-9f6a-f981da835a76,b91189e3-47b3-44b1-a685-0252e97c7d1c,2024-07-29 08:50:25,NULL,2024-07-29 08:50:25,"The standard Lorem Ipsum passage, used since the 1500s ""Lorem ipsum dolor sit amet, consectetur adip",8,b6f5715d-e787-400b-a4bd-3efb53373f7b
1cd11ac4-73c9-49f2-953f-68e9c0eecb97,c8367fc3-d459-4b83-b48b-37521e6d4795,2024-02-16 08:52:55,NULL,2024-02-16 08:52:55,Question Two,2,8e203955-080b-49bd-afe1-3cadf40aac3d
1dcc9e3d-9445-42d5-86cf-369bcac0d868,b91189e3-47b3-44b1-a685-0252e97c7d1c,2024-07-08 11:33:02,NULL,2024-07-08 11:33:02,"The standard Lorem Ipsum passage, used since the 1500s ""Lorem ipsum dolor sit amet, consectetur adip",3,66137bf1-7076-4a9b-b8b3-a110d67b8de7
1ec5133b-d6a2-4c25-be35-f51df410f1c9,b91189e3-47b3-44b1-a685-0252e97c7d1c,2024-04-26 07:04:36,NULL,2024-04-26 07:04:36,"The standard Lorem Ipsum passage, used since the 1500s ""Lorem ipsum dolor sit amet, consectetur adip",1,8a7544d5-fbd2-4f32-8062-827ab7cbe846
1f7b4e49-29a8-4b27-b480-03925a9517ff,b91189e3-47b3-44b1-a685-0252e97c7d1c,2024-04-19 05:21:17,NULL,2024-04-19 05:21:17,"The standard Lorem Ipsum passage, used since the 1500s ""Lorem ipsum dolor sit amet, consectetur adip",10,134442a5-5f67-40a8-a2fd-25efea7a7e50
1fa6c7ed-048b-4c2c-9902-894ce740d157,b91189e3-47b3-44b1-a685-0252e97c7d1c,2024-04-19 05:44:37,NULL,2024-04-19 05:44:37,Where is your home town,2,d476af5f-0c72-4957-9557-901d6eecb87d
2004b09b-0530-4734-908f-fbbc01d45feb,b91189e3-47b3-44b1-a685-0252e97c7d1c,2024-08-16 12:41:21,NULL,2024-08-16 12:41:21,"The standard Lorem Ipsum passage, used since the 1500s ""Lorem ipsum dolor sit amet, consectetur adip",2,69c237c3-a71c-4371-b8ea-ea90c69952ee
20d4694b-5cf1-4818-9ca8-2ca52a2344c9,b91189e3-47b3-44b1-a685-0252e97c7d1c,2024-07-08 12:06:09,NULL,2024-07-08 12:06:09,"The standard Lorem Ipsum passage, used since the 1500s ""Lorem ipsum dolor sit amet, consectetur adip",5,ffe15cf6-a4e9-44b6-8fc5-00846da434ab
23ee8e91-bbde-4b22-af9a-e02b721deceb,b91189e3-47b3-44b1-a685-0252e97c7d1c,2024-08-16 05:13:43,NULL,2024-08-16 05:13:43,"The standard Lorem Ipsum passage, used since the 1500s ""Lorem ipsum dolor sit amet, consectetur adip",2,c2705929-f13d-4e93-a57c-857ed8132fe7
24ffe071-bef5-4452-8c16-2b4277db25c3,b91189e3-47b3-44b1-a685-0252e97c7d1c,2024-04-26 07:04:36,NULL,2024-04-26 07:04:36,"The standard Lorem Ipsum passage, used since the 1500s ""Lorem ipsum dolor sit amet, consectetur adip",5,8a7544d5-fbd2-4f32-8062-827ab7cbe846
2751d4bb-8f5d-448b-b7cc-942677edee71,b91189e3-47b3-44b1-a685-0252e97c7d1c,2024-07-09 09:16:08,NULL,2024-07-09 09:16:08,"The standard Lorem Ipsum passage, used since the 1500s ""Lorem ipsum dolor sit amet, consectetur adip",2,ae6e660d-f6c0-4ee5-a29c-ddcabd3e805c
2790e67f-0c85-4f46-a3dc-4909293c2891,b91189e3-47b3-44b1-a685-0252e97c7d1c,2024-08-20 05:12:50,NULL,2024-08-20 05:12:50,"The standard Lorem Ipsum passage, used since the 1500s ""Lorem ipsum dolor sit amet, consectetur adip",7,3cd6fb2c-fe4e-47de-991f-f5ccbe135809
2892906f-f2ab-4058-aa17-97c196289e57,b91189e3-47b3-44b1-a685-0252e97c7d1c,2024-07-15 07:11:50,NULL,2024-07-15 07:11:50,"The standard Lorem Ipsum passage, used since the 1500s ""Lorem ipsum dolor sit amet, consectetur adip",3,3cfb05c9-d87d-47dc-8219-078082690af6
294822c2-0359-433c-bb40-f847862a95e2,c8367fc3-d459-4b83-b48b-37521e6d4795,2024-02-16 09:48:43,NULL,2024-02-16 09:48:43,Question Two,2,d9bf553e-4083-405e-86eb-39d4f5238318
298bc34a-b088-438a-925a-ebe06d02f705,b91189e3-47b3-44b1-a685-0252e97c7d1c,2024-07-08 12:06:09,NULL,2024-07-08 12:06:09,"The standard Lorem Ipsum passage, used since the 1500s ""Lorem ipsum dolor sit amet, consectetur adip",1,ffe15cf6-a4e9-44b6-8fc5-00846da434ab
2cf3ce6b-25bd-47de-9387-791c3d79f64a,c0f385bf-790f-431d-8dc4-1bf83ba3a392,2025-05-05 05:27:40,NULL,2025-05-05 05:27:40,Can you explain the difference between monocrystalline and polycrystalline solar panels?,2,5bbcb80a-3eea-4d31-9bb9-5517c41000be
2dd93e13-05e1-4d76-a2f2-923801b7fef9,b91189e3-47b3-44b1-a685-0252e97c7d1c,2024-08-08 10:23:06,NULL,2024-08-08 10:23:06,"The standard Lorem Ipsum passage, used since the 1500s ""Lorem ipsum dolor sit amet, consectetur adip",1,89aca828-d84c-4366-8d32-56e9b02695d1
3112da0e-b772-4398-88ce-a30b255a4180,b91189e3-47b3-44b1-a685-0252e97c7d1c,2024-08-08 10:23:06,NULL,2024-08-08 10:23:06,"The standard Lorem Ipsum passage, used since the 1500s ""Lorem ipsum dolor sit amet, consectetur adip",9,89aca828-d84c-4366-8d32-56e9b02695d1
315fe06e-fcc4-4fac-804e-544398bd1dc8,c8367fc3-d459-4b83-b48b-37521e6d4795,2024-06-19 04:15:51,NULL,2024-06-19 04:15:51,"""Lorem ipsum dolor sit amet, consectetur adipiscing elit, sed do eiusmod tempor incididunt ut labore",3,c8637554-4817-4baf-826c-d844d7a7d8f8
329d0e68-9671-4fee-9fc7-eafe040d0fde,c0f385bf-790f-431d-8dc4-1bf83ba3a392,2025-05-05 05:27:40,NULL,2025-05-05 05:27:40,"What is solar energy, and how is it harnessed?",1,5bbcb80a-3eea-4d31-9bb9-5517c41000be
33403fdd-002d-42de-932f-89af75835004,b91189e3-47b3-44b1-a685-0252e97c7d1c,2024-04-26 06:17:57,NULL,2024-04-26 06:17:57,"The standard Lorem Ipsum passage, used since the 1500s ""Lorem ipsum dolor sit amet, consectetur adip",10,d44e89c6-cced-4c35-96a9-c79783bee301
35118679-1020-4656-b4ab-93b41c8da376,b91189e3-47b3-44b1-a685-0252e97c7d1c,2024-04-19 05:44:37,NULL,2024-04-19 05:44:37,What is your university name,1,d476af5f-0c72-4957-9557-901d6eecb87d
354f0e4e-5fc5-48c4-b790-2535bf7e6394,b91189e3-47b3-44b1-a685-0252e97c7d1c,2024-07-29 08:50:25,NULL,2024-07-29 08:50:25,"The standard Lorem Ipsum passage, used since the 1500s ""Lorem ipsum dolor sit amet, consectetur adip",9,b6f5715d-e787-400b-a4bd-3efb53373f7b
37c3b7e5-6bdc-4d6b-90c4-e3781d1b4bd3,b91189e3-47b3-44b1-a685-0252e97c7d1c,2024-07-09 09:16:08,NULL,2024-07-09 09:16:08,"The standard Lorem Ipsum passage, used since the 1500s ""Lorem ipsum dolor sit amet, consectetur adip",5,ae6e660d-f6c0-4ee5-a29c-ddcabd3e805c
3a9fb5d9-f132-465f-8bc5-8a65a9dd7bfc,b91189e3-47b3-44b1-a685-0252e97c7d1c,2024-04-19 12:06:50,NULL,2024-04-19 12:06:50,"The standard Lorem Ipsum passage, used since the 1500s ""Lorem ipsum dolor sit amet, consectetur adip",10,4d81c8f1-7e84-4152-9ac7-996fbd28686c
3f12eb7b-4ee8-4f4a-87ce-659db610029f,c8367fc3-d459-4b83-b48b-37521e6d4795,2024-06-14 06:15:43,NULL,2024-06-14 06:15:43,test job 2,1,10caf7a2-3661-495a-aa6f-8ce1d0d6f837
3f4f94d1-4417-4591-8682-b4909f53d16c,b91189e3-47b3-44b1-a685-0252e97c7d1c,2024-07-29 08:50:25,NULL,2024-07-29 08:50:25,"The standard Lorem Ipsum passage, used since the 1500s ""Lorem ipsum dolor sit amet, consectetur adip",1,b6f5715d-e787-400b-a4bd-3efb53373f7b
412c7b59-8870-4f67-9cf4-2d9dda2b7bea,c8367fc3-d459-4b83-b48b-37521e6d4795,2024-06-14 04:42:12,NULL,2024-06-14 04:42:12,Test question,2,d839f045-c281-4f90-8523-e28889d32283
4214a98d-d4f5-4039-b1b9-8bede3751a95,b91189e3-47b3-44b1-a685-0252e97c7d1c,2024-07-15 07:11:50,NULL,2024-07-15 07:11:50,"The standard Lorem Ipsum passage, used since the 1500s ""Lorem ipsum dolor sit amet, consectetur adip",4,3cfb05c9-d87d-47dc-8219-078082690af6
4302abda-4288-4317-8b19-e564b5bc09b3,b91189e3-47b3-44b1-a685-0252e97c7d1c,2024-08-16 12:41:21,NULL,2024-08-16 12:41:21,"The standard Lorem Ipsum passage, used since the 1500s ""Lorem ipsum dolor sit amet, consectetur adip",3,69c237c3-a71c-4371-b8ea-ea90c69952ee
48299786-2b58-4f94-94fe-75863a695424,b91189e3-47b3-44b1-a685-0252e97c7d1c,2024-07-08 11:33:02,NULL,2024-07-08 11:33:02,"The standard Lorem Ipsum passage, used since the 1500s ""Lorem ipsum dolor sit amet, consectetur adip",9,66137bf1-7076-4a9b-b8b3-a110d67b8de7
4861fd8a-2a60-45a4-a352-bc01d5ddd38c,b91189e3-47b3-44b1-a685-0252e97c7d1c,2024-07-08 11:33:02,NULL,2024-07-08 11:33:02,"The standard Lorem Ipsum passage, used since the 1500s ""Lorem ipsum dolor sit amet, consectetur adip",10,66137bf1-7076-4a9b-b8b3-a110d67b8de7
49862683-db30-4c4c-a1ce-7530112f710e,b91189e3-47b3-44b1-a685-0252e97c7d1c,2024-08-16 05:13:43,NULL,2024-08-16 05:13:43,"The standard Lorem Ipsum passage, used since the 1500s ""Lorem ipsum dolor sit amet, consectetur adip",5,c2705929-f13d-4e93-a57c-857ed8132fe7
49941585-b68f-469e-b4e9-31e2c4eb0eea,b91189e3-47b3-44b1-a685-0252e97c7d1c,2024-07-15 07:11:50,NULL,2024-07-15 07:11:50,"The standard Lorem Ipsum passage, used since the 1500s ""Lorem ipsum dolor sit amet, consectetur adip",9,3cfb05c9-d87d-47dc-8219-078082690af6
4a0249a9-3e15-4c2d-8f1e-49e7c4a394c3,b91189e3-47b3-44b1-a685-0252e97c7d1c,2024-07-15 07:11:50,NULL,2024-07-15 07:11:50,"The standard Lorem Ipsum passage, used since the 1500s ""Lorem ipsum dolor sit amet, consectetur adip",2,3cfb05c9-d87d-47dc-8219-078082690af6
4a7b9f14-c604-4db7-94c9-f21230db2daa,c8367fc3-d459-4b83-b48b-37521e6d4795,2024-06-19 04:33:44,NULL,2024-06-19 04:33:44,tests question,1,630cf651-bb81-4e17-b586-71370333468b
4a97bb8c-1acb-47b7-bc31-9bfb22ca991a,c8367fc3-d459-4b83-b48b-37521e6d4795,2024-06-14 05:17:52,NULL,2024-06-14 05:17:52,test job ,2,6df1fcf4-c878-4e2a-86f0-67d88b657b38
4c1af380-84b3-49bf-b6a8-8bad7d3c7bc1,c8367fc3-d459-4b83-b48b-37521e6d4795,2024-06-13 10:28:29,NULL,2024-06-13 10:28:29,test job 2,2,265c3b50-bd76-491b-8350-af69865bebe2
4cef6b63-f6f9-4829-83cb-4233f5110feb,b91189e3-47b3-44b1-a685-0252e97c7d1c,2024-04-19 12:06:50,NULL,2024-04-19 12:06:50,"The standard Lorem Ipsum passage, used since the 1500s ""Lorem ipsum dolor sit amet, consectetur adip",5,4d81c8f1-7e84-4152-9ac7-996fbd28686c
4e154bdf-dfd6-46c3-8b77-9905ed89781f,b91189e3-47b3-44b1-a685-0252e97c7d1c,2024-04-19 12:06:50,NULL,2024-04-19 12:06:50,"The standard Lorem Ipsum passage, used since the 1500s ""Lorem ipsum dolor sit amet, consectetur adip",6,4d81c8f1-7e84-4152-9ac7-996fbd28686c
4ea84817-8a90-486c-9009-8b207ffac360,b91189e3-47b3-44b1-a685-0252e97c7d1c,2024-07-09 09:16:08,NULL,2024-07-09 09:16:08,"The standard Lorem Ipsum passage, used since the 1500s ""Lorem ipsum dolor sit amet, consectetur adip",4,ae6e660d-f6c0-4ee5-a29c-ddcabd3e805c
4effc345-6e1d-4327-a063-aae34371b664,c8367fc3-d459-4b83-b48b-37521e6d4795,2024-06-19 04:15:51,NULL,2024-06-19 04:15:51,"""Lorem ipsum dolor sit amet, consectetur adipiscing elit, sed do eiusmod tempor incididunt ut labore",4,c8637554-4817-4baf-826c-d844d7a7d8f8
4f833c4c-a8d7-4849-990b-cfd1b7cea2b3,b91189e3-47b3-44b1-a685-0252e97c7d1c,2024-04-19 12:06:50,NULL,2024-04-19 12:06:50,"The standard Lorem Ipsum passage, used since the 1500s ""Lorem ipsum dolor sit amet, consectetur adip",8,4d81c8f1-7e84-4152-9ac7-996fbd28686c
4f8d84c6-f818-45a4-8ac3-6629e9ea8636,b91189e3-47b3-44b1-a685-0252e97c7d1c,2024-08-20 05:12:49,NULL,2024-08-20 05:12:49,"The standard Lorem Ipsum passage, used since the 1500s ""Lorem ipsum dolor sit amet, consectetur adip",2,3cd6fb2c-fe4e-47de-991f-f5ccbe135809
587e7eba-e61a-40f7-9b6d-8cda90d97bec,b91189e3-47b3-44b1-a685-0252e97c7d1c,2024-07-08 12:06:09,NULL,2024-07-08 12:06:09,"The standard Lorem Ipsum passage, used since the 1500s ""Lorem ipsum dolor sit amet, consectetur adip",9,ffe15cf6-a4e9-44b6-8fc5-00846da434ab
5e4c84af-687b-462d-a47e-4db7dd4e7b4d,b91189e3-47b3-44b1-a685-0252e97c7d1c,2024-08-16 12:41:21,NULL,2024-08-16 12:41:21,"The standard Lorem Ipsum passage, used since the 1500s ""Lorem ipsum dolor sit amet, consectetur adip",5,69c237c3-a71c-4371-b8ea-ea90c69952ee
5e779d12-0767-4f0a-aae9-b282eb408b0f,b91189e3-47b3-44b1-a685-0252e97c7d1c,2024-04-26 07:04:36,NULL,2024-04-26 07:04:36,"The standard Lorem Ipsum passage, used since the 1500s ""Lorem ipsum dolor sit amet, consectetur adip",7,8a7544d5-fbd2-4f32-8062-827ab7cbe846
5e962c58-8833-412a-b930-1ec84ae608d6,b91189e3-47b3-44b1-a685-0252e97c7d1c,2024-08-16 05:13:43,NULL,2024-08-16 05:13:43,"The standard Lorem Ipsum passage, used since the 1500s ""Lorem ipsum dolor sit amet, consectetur adip",10,c2705929-f13d-4e93-a57c-857ed8132fe7
60f680d9-05c1-4929-88c2-7ea53923af88,b91189e3-47b3-44b1-a685-0252e97c7d1c,2024-07-29 08:50:25,NULL,2024-07-29 08:50:25,"The standard Lorem Ipsum passage, used since the 1500s ""Lorem ipsum dolor sit amet, consectetur adip",4,b6f5715d-e787-400b-a4bd-3efb53373f7b
61805118-d32d-4c84-8867-f864a59cbc57,02,2021-10-01 08:29:53,NULL,2021-10-01 08:29:53,Where you worker in past ? Please Provide Some Details.,1,bd2c7a8a-d8d8-4b1d-9ce4-98efc2902836
61f8cde4-fa9b-4977-a350-a143b0053540,b91189e3-47b3-44b1-a685-0252e97c7d1c,2024-04-19 12:06:50,NULL,2024-04-19 12:06:50,"The standard Lorem Ipsum passage, used since the 1500s ""Lorem ipsum dolor sit amet, consectetur adip",4,4d81c8f1-7e84-4152-9ac7-996fbd28686c
62d837a1-48c9-4118-9b21-e819500061be,b91189e3-47b3-44b1-a685-0252e97c7d1c,2024-08-16 12:41:21,NULL,2024-08-16 12:41:21,"The standard Lorem Ipsum passage, used since the 1500s ""Lorem ipsum dolor sit amet, consectetur adip",8,69c237c3-a71c-4371-b8ea-ea90c69952ee
63a03f01-daef-462e-aef1-38a940aa6c64,b91189e3-47b3-44b1-a685-0252e97c7d1c,2024-06-18 09:53:07,NULL,2024-06-18 09:53:07,Test 123,1,3c77e91a-4075-4f19-9e6e-f4e82c540c58
64634ecd-94fc-42bf-acb0-62145faa6a13,b91189e3-47b3-44b1-a685-0252e97c7d1c,2024-04-26 06:17:57,NULL,2024-04-26 06:17:57,"The standard Lorem Ipsum passage, used since the 1500s ""Lorem ipsum dolor sit amet, consectetur adip",7,d44e89c6-cced-4c35-96a9-c79783bee301
661b4458-fecc-4a20-a3b5-5e189bfbe609,b91189e3-47b3-44b1-a685-0252e97c7d1c,2024-08-16 12:41:21,NULL,2024-08-16 12:41:21,"The standard Lorem Ipsum passage, used since the 1500s ""Lorem ipsum dolor sit amet, consectetur adip",4,69c237c3-a71c-4371-b8ea-ea90c69952ee
666dbc43-1aaa-456c-bdf0-f59a66c3b213,b91189e3-47b3-44b1-a685-0252e97c7d1c,2024-08-16 05:13:43,NULL,2024-08-16 05:13:43,"The standard Lorem Ipsum passage, used since the 1500s ""Lorem ipsum dolor sit amet, consectetur adip",3,c2705929-f13d-4e93-a57c-857ed8132fe7
69a7ad6d-ffcd-4cdf-be36-4c5c20b4cb3a,c8367fc3-d459-4b83-b48b-37521e6d4795,2023-09-20 11:28:52,NULL,2023-09-20 11:28:52,n,1,14b4ca74-ff28-4f6d-a546-95813a9ea8da
69aeeef6-f597-4eab-aaf4-268e7069897a,b91189e3-47b3-44b1-a685-0252e97c7d1c,2024-07-08 12:06:09,NULL,2024-07-08 12:06:09,"The standard Lorem Ipsum passage, used since the 1500s ""Lorem ipsum dolor sit amet, consectetur adip",6,ffe15cf6-a4e9-44b6-8fc5-00846da434ab
6a048880-f1bf-4310-94cb-a7d13e9590e6,b91189e3-47b3-44b1-a685-0252e97c7d1c,2024-07-15 07:11:50,NULL,2024-07-15 07:11:50,"The standard Lorem Ipsum passage, used since the 1500s ""Lorem ipsum dolor sit amet, consectetur adip",8,3cfb05c9-d87d-47dc-8219-078082690af6
6c3e3230-ea27-455f-b6c9-51bb0b449ca4,b91189e3-47b3-44b1-a685-0252e97c7d1c,2024-04-26 07:04:36,NULL,2024-04-26 07:04:36,"The standard Lorem Ipsum passage, used since the 1500s ""Lorem ipsum dolor sit amet, consectetur adip",3,8a7544d5-fbd2-4f32-8062-827ab7cbe846
6d67007f-83c3-4d11-9154-e40da7002abd,b91189e3-47b3-44b1-a685-0252e97c7d1c,2024-04-19 05:21:17,NULL,2024-04-19 05:21:17,"The standard Lorem Ipsum passage, used since the 1500s ""Lorem ipsum dolor sit amet, consectetur adip",7,134442a5-5f67-40a8-a2fd-25efea7a7e50
70ea5049-4c4a-4209-8759-96a85a70664b,b91189e3-47b3-44b1-a685-0252e97c7d1c,2024-04-26 07:04:36,NULL,2024-04-26 07:04:36,"The standard Lorem Ipsum passage, used since the 1500s ""Lorem ipsum dolor sit amet, consectetur adip",8,8a7544d5-fbd2-4f32-8062-827ab7cbe846
710a59c8-a721-455c-b907-a03d7238932e,b91189e3-47b3-44b1-a685-0252e97c7d1c,2024-08-16 12:41:21,NULL,2024-08-16 12:41:21,"The standard Lorem Ipsum passage, used since the 1500s ""Lorem ipsum dolor sit amet, consectetur adip",7,69c237c3-a71c-4371-b8ea-ea90c69952ee
736993ea-4eb6-417b-b967-7ac3b5725d77,b91189e3-47b3-44b1-a685-0252e97c7d1c,2024-08-16 12:41:21,NULL,2024-08-16 12:41:21,"The standard Lorem Ipsum passage, used since the 1500s ""Lorem ipsum dolor sit amet, consectetur adip",10,69c237c3-a71c-4371-b8ea-ea90c69952ee
74a6acbe-9c6e-4777-81c1-82575ad77159,b91189e3-47b3-44b1-a685-0252e97c7d1c,2024-07-08 12:06:09,NULL,2024-07-08 12:06:09,"The standard Lorem Ipsum passage, used since the 1500s ""Lorem ipsum dolor sit amet, consectetur adip",10,ffe15cf6-a4e9-44b6-8fc5-00846da434ab
76c2dd20-edcc-4422-9d48-6a1fca0d04fe,b91189e3-47b3-44b1-a685-0252e97c7d1c,2024-04-26 07:04:36,NULL,2024-04-26 07:04:36,"The standard Lorem Ipsum passage, used since the 1500s ""Lorem ipsum dolor sit amet, consectetur adip",4,8a7544d5-fbd2-4f32-8062-827ab7cbe846
7703c03f-89ff-4d9d-acb1-0c244b3bc79f,b91189e3-47b3-44b1-a685-0252e97c7d1c,2024-08-20 05:12:49,NULL,2024-08-20 05:12:49,"The standard Lorem Ipsum passage, used since the 1500s ""Lorem ipsum dolor sit amet, consectetur adip",5,3cd6fb2c-fe4e-47de-991f-f5ccbe135809
78088a86-5417-4a1b-9733-57dea4dd7e7f,b91189e3-47b3-44b1-a685-0252e97c7d1c,2024-04-19 12:06:50,NULL,2024-04-19 12:06:50,"The standard Lorem Ipsum passage, used since the 1500s ""Lorem ipsum dolor sit amet, consectetur adip",3,4d81c8f1-7e84-4152-9ac7-996fbd28686c
79d6560c-ca53-401c-ab81-8b1543061c24,b91189e3-47b3-44b1-a685-0252e97c7d1c,2024-08-08 10:23:06,NULL,2024-08-08 10:23:06,"The standard Lorem Ipsum passage, used since the 1500s ""Lorem ipsum dolor sit amet, consectetur adip",7,89aca828-d84c-4366-8d32-56e9b02695d1
7c2cd128-4e7a-43fe-9313-41f0cdbf087e,b91189e3-47b3-44b1-a685-0252e97c7d1c,2024-04-19 05:21:17,NULL,2024-04-19 05:21:17,"The standard Lorem Ipsum passage, used since the 1500s ""Lorem ipsum dolor sit amet, consectetur adip",4,134442a5-5f67-40a8-a2fd-25efea7a7e50
7e6e4949-34cf-46a8-aa14-c2b802f3dfaa,b91189e3-47b3-44b1-a685-0252e97c7d1c,2024-04-26 06:17:57,NULL,2024-04-26 06:17:57,"The standard Lorem Ipsum passage, used since the 1500s ""Lorem ipsum dolor sit amet, consectetur adip",6,d44e89c6-cced-4c35-96a9-c79783bee301
7f03149f-eced-4420-b9d1-3d286b222fea,c0f385bf-790f-431d-8dc4-1bf83ba3a392,2025-04-17 09:52:33,NULL,2025-04-17 09:52:33,Do you have a valid NABCEP certification?,1,e732fd82-89c9-4daa-bbad-37f395e5e732
7f0a8ad3-6c95-423c-81e8-bfabdb9b6965,b91189e3-47b3-44b1-a685-0252e97c7d1c,2024-04-19 12:27:25,NULL,2024-04-19 12:27:25,Where is your home town,2,71ca7405-4fbe-4864-af2e-5cde9db12d7e
810657cc-bf1d-4b26-9621-5de922831fb8,c8367fc3-d459-4b83-b48b-37521e6d4795,2024-06-13 10:11:03,NULL,2024-06-13 10:11:03,test job 2,1,8e856596-a4ea-4259-8a56-f7fa07a40316
8340b7bc-2025-4b6d-893d-aaa65ad46deb,b91189e3-47b3-44b1-a685-0252e97c7d1c,2024-08-08 10:23:06,NULL,2024-08-08 10:23:06,"The standard Lorem Ipsum passage, used since the 1500s ""Lorem ipsum dolor sit amet, consectetur adip",10,89aca828-d84c-4366-8d32-56e9b02695d1
83a43076-88ea-45c1-9c0b-39cb17e32488,c8367fc3-d459-4b83-b48b-37521e6d4795,2024-06-14 05:53:55,NULL,2024-06-14 05:53:55,test full time details,1,856b8e69-8f45-4cf7-8e0e-8a89c1fe0885
842ba6e7-76f6-43e8-a4b8-10767be7a32d,b91189e3-47b3-44b1-a685-0252e97c7d1c,2024-07-09 09:16:08,NULL,2024-07-09 09:16:08,"The standard Lorem Ipsum passage, used since the 1500s ""Lorem ipsum dolor sit amet, consectetur adip",3,ae6e660d-f6c0-4ee5-a29c-ddcabd3e805c
84c27e93-c764-47c0-8f05-0d8d8c1480e9,b91189e3-47b3-44b1-a685-0252e97c7d1c,2024-04-26 07:04:36,NULL,2024-04-26 07:04:36,"The standard Lorem Ipsum passage, used since the 1500s ""Lorem ipsum dolor sit amet, consectetur adip",6,8a7544d5-fbd2-4f32-8062-827ab7cbe846
865a9a02-9159-4525-8d85-07a2a7a09aeb,b91189e3-47b3-44b1-a685-0252e97c7d1c,2024-04-26 07:04:36,NULL,2024-04-26 07:04:36,"The standard Lorem Ipsum passage, used since the 1500s ""Lorem ipsum dolor sit amet, consectetur adip",2,8a7544d5-fbd2-4f32-8062-827ab7cbe846
86b6ac03-f7a5-4663-b3a5-51a9c9139aea,c8367fc3-d459-4b83-b48b-37521e6d4795,2024-06-14 05:17:52,NULL,2024-06-14 05:17:52,test job 2,1,6df1fcf4-c878-4e2a-86f0-67d88b657b38
875a5d3d-d50f-4cf4-badb-98fb75d18a84,b91189e3-47b3-44b1-a685-0252e97c7d1c,2024-04-26 06:17:57,NULL,2024-04-26 06:17:57,"The standard Lorem Ipsum passage, used since the 1500s ""Lorem ipsum dolor sit amet, consectetur adip",5,d44e89c6-cced-4c35-96a9-c79783bee301
8967b44d-0459-4c8a-a01a-a55d152d38d4,c8367fc3-d459-4b83-b48b-37521e6d4795,2024-06-20 11:03:33,NULL,2024-06-20 11:03:33,Test question,2,c323a2d7-481a-4436-9187-ea831f4106e4
89ca4e49-f1e9-4101-83d9-f0696905b532,b91189e3-47b3-44b1-a685-0252e97c7d1c,2024-07-08 11:33:02,NULL,2024-07-08 11:33:02,"The standard Lorem Ipsum passage, used since the 1500s ""Lorem ipsum dolor sit amet, consectetur adip",1,66137bf1-7076-4a9b-b8b3-a110d67b8de7
89f8d5b5-8192-47d3-8d5b-0f128edb6090,c8367fc3-d459-4b83-b48b-37521e6d4795,2022-03-17 10:42:26,NULL,2022-03-17 10:42:26,What exactly you did the work before? ,1,7404fd03-4c0a-4e9b-87f5-4698486b9164
8a4586d2-91bc-4c08-98e3-dab6dff89a30,b91189e3-47b3-44b1-a685-0252e97c7d1c,2024-08-16 12:41:21,NULL,2024-08-16 12:41:21,"The standard Lorem Ipsum passage, used since the 1500s ""Lorem ipsum dolor sit amet, consectetur adip",1,69c237c3-a71c-4371-b8ea-ea90c69952ee
8bbb2036-8c89-45e4-8fd1-b24860b52028,a69a9857-30f7-4676-b610-a09c3d5e3f40,2022-08-25 04:01:20,NULL,2022-08-25 04:01:20,age,2,c968cea7-67c1-41f2-9a48-b2dd8825eab6
8c54cafb-fa14-4b9c-ba10-13b37eb5f595,b91189e3-47b3-44b1-a685-0252e97c7d1c,2024-08-16 05:13:43,NULL,2024-08-16 05:13:43,"The standard Lorem Ipsum passage, used since the 1500s ""Lorem ipsum dolor sit amet, consectetur adip",4,c2705929-f13d-4e93-a57c-857ed8132fe7
8c9ec5a7-e64d-40d4-b37e-516c451c79a0,c8367fc3-d459-4b83-b48b-37521e6d4795,2024-06-13 10:11:03,NULL,2024-06-13 10:11:03,test job ,2,8e856596-a4ea-4259-8a56-f7fa07a40316
8ef5c64a-71a9-405f-805c-e917c545d4c5,c8367fc3-d459-4b83-b48b-37521e6d4795,2024-06-14 04:42:12,NULL,2024-06-14 04:42:12,Test question,1,d839f045-c281-4f90-8523-e28889d32283
8fb7e4a1-96b8-4f62-9d88-abdf8c55ba23,b91189e3-47b3-44b1-a685-0252e97c7d1c,2024-08-16 12:41:21,NULL,2024-08-16 12:41:21,"The standard Lorem Ipsum passage, used since the 1500s ""Lorem ipsum dolor sit amet, consectetur adip",6,69c237c3-a71c-4371-b8ea-ea90c69952ee
8ff807cb-ca2c-41aa-9890-1fb57c359fb8,c8367fc3-d459-4b83-b48b-37521e6d4795,2024-06-20 11:03:33,NULL,2024-06-20 11:03:33,Test question,1,c323a2d7-481a-4436-9187-ea831f4106e4
91cd7364-6cfa-4ac9-8938-46e9e07cfd6f,c8367fc3-d459-4b83-b48b-37521e6d4795,2024-02-16 09:30:27,NULL,2024-02-16 09:30:27,Question Two,2,6bfb079a-0092-449c-a2bd-f7ddbb6de764
957a64dc-d3ae-4c3e-a8ad-ebd86c3a54f1,b91189e3-47b3-44b1-a685-0252e97c7d1c,2024-07-29 08:50:25,NULL,2024-07-29 08:50:25,"The standard Lorem Ipsum passage, used since the 1500s ""Lorem ipsum dolor sit amet, consectetur adip",3,b6f5715d-e787-400b-a4bd-3efb53373f7b
97041188-fe43-4188-b235-2c5e9a8b9149,c8367fc3-d459-4b83-b48b-37521e6d4795,2024-05-03 11:09:15,NULL,2024-05-03 11:09:15,payal p patil,1,6e109b5c-e627-4a02-84ec-557511b43412
9813ca71-925f-4f1d-a635-21cc29304004,b91189e3-47b3-44b1-a685-0252e97c7d1c,2024-04-19 05:21:17,NULL,2024-04-19 05:21:17,"The standard Lorem Ipsum passage, used since the 1500s ""Lorem ipsum dolor sit amet, consectetur adip",3,134442a5-5f67-40a8-a2fd-25efea7a7e50
9949a4cd-cb2e-4e4e-bdba-74716b0451ac,c8367fc3-d459-4b83-b48b-37521e6d4795,2024-02-15 12:18:38,NULL,2024-02-15 12:18:38,q1,1,ce994048-678d-420c-bcd3-783c7f5507c1
9c22003e-78b2-4058-83b7-c5ceb37d7054,f0ff98fb-1811-4940-8054-c8b127ad6554,2025-04-10 12:28:54,NULL,2025-04-10 12:28:54,Do you have experience in utility-scale solar installations?,1,c0244ac5-0367-4c21-a528-3e856c4e860e
9eecbfc7-ff97-4581-927d-5e8cbb42d1be,b91189e3-47b3-44b1-a685-0252e97c7d1c,2024-07-29 08:50:25,NULL,2024-07-29 08:50:25,"The standard Lorem Ipsum passage, used since the 1500s ""Lorem ipsum dolor sit amet, consectetur adip",7,b6f5715d-e787-400b-a4bd-3efb53373f7b
9f14f6ab-1e47-4a54-8067-b3831b1979c5,b91189e3-47b3-44b1-a685-0252e97c7d1c,2024-04-19 05:21:17,NULL,2024-04-19 05:21:17,"The standard Lorem Ipsum passage, used since the 1500s ""Lorem ipsum dolor sit amet, consectetur adip",1,134442a5-5f67-40a8-a2fd-25efea7a7e50
9f790bbd-a825-4df1-9c0b-8bfa125296ef,c8367fc3-d459-4b83-b48b-37521e6d4795,2024-06-20 11:03:34,NULL,2024-06-20 11:03:34,Test question,3,c323a2d7-481a-4436-9187-ea831f4106e4
a3c10269-64e9-496a-9eb8-fbce7d1e2a53,b91189e3-47b3-44b1-a685-0252e97c7d1c,2024-07-08 11:33:02,NULL,2024-07-08 11:33:02,"The standard Lorem Ipsum passage, used since the 1500s ""Lorem ipsum dolor sit amet, consectetur adip",2,66137bf1-7076-4a9b-b8b3-a110d67b8de7
a4120e6c-a3e0-4a64-b704-79a5813370cf,b91189e3-47b3-44b1-a685-0252e97c7d1c,2024-08-20 05:12:50,NULL,2024-08-20 05:12:50,"The standard Lorem Ipsum passage, used since the 1500s ""Lorem ipsum dolor sit amet, consectetur adip",9,3cd6fb2c-fe4e-47de-991f-f5ccbe135809
a52658be-c0fd-4f77-a8ad-8560053013c9,6fc0c13d-a9c1-4d27-8531-883c721e1034,2023-07-07 12:34:42,NULL,2023-07-07 12:34:42,what 's your qualification,1,9c169c1c-b211-4f0b-a49f-cccb1f90c320
a6572e53-8633-446c-bd5c-9e1aeb71143a,b91189e3-47b3-44b1-a685-0252e97c7d1c,2024-04-19 05:21:17,NULL,2024-04-19 05:21:17,"The standard Lorem Ipsum passage, used since the 1500s ""Lorem ipsum dolor sit amet, consectetur adip",2,134442a5-5f67-40a8-a2fd-25efea7a7e50
a7c804d6-da3a-48fa-bac3-3c4c8dbe36a9,c8367fc3-d459-4b83-b48b-37521e6d4795,2024-06-19 05:39:11,NULL,2024-06-19 05:39:11,test full time details,1,9b09d8e6-ded8-439f-9b14-6e706eb8c6d4
a81df6f4-9d9d-40e4-b1af-7027ff8cdda6,c8367fc3-d459-4b83-b48b-37521e6d4795,2024-06-14 04:24:53,NULL,2024-06-14 04:24:53,test job ,2,1cbce746-eaf7-46bf-bf12-5900642b4ecb
a87265fa-26b7-4f9e-ad48-89cf079a9dfc,b91189e3-47b3-44b1-a685-0252e97c7d1c,2024-08-08 10:23:06,NULL,2024-08-08 10:23:06,"The standard Lorem Ipsum passage, used since the 1500s ""Lorem ipsum dolor sit amet, consectetur adip",6,89aca828-d84c-4366-8d32-56e9b02695d1
a939d291-dda7-49e9-a142-63df61f04d80,b91189e3-47b3-44b1-a685-0252e97c7d1c,2024-04-19 12:06:50,NULL,2024-04-19 12:06:50,"The standard Lorem Ipsum passage, used since the 1500s ""Lorem ipsum dolor sit amet, consectetur adip",2,4d81c8f1-7e84-4152-9ac7-996fbd28686c
aa1cd12a-e0cf-43fb-b689-f40b49342d5e,b91189e3-47b3-44b1-a685-0252e97c7d1c,2024-08-08 10:23:06,NULL,2024-08-08 10:23:06,"The standard Lorem Ipsum passage, used since the 1500s ""Lorem ipsum dolor sit amet, consectetur adip",5,89aca828-d84c-4366-8d32-56e9b02695d1
ab2c32e8-0840-4639-839e-d6d3e6cbabc6,c8367fc3-d459-4b83-b48b-37521e6d4795,2024-06-19 04:15:50,NULL,2024-06-19 04:15:50,"""Lorem ipsum dolor sit amet, consectetur adipiscing elit, sed do eiusmod tempor incididunt ut labore",1,c8637554-4817-4baf-826c-d844d7a7d8f8
ab3d32d8-d1e4-4590-9f77-75941e638fc1,b91189e3-47b3-44b1-a685-0252e97c7d1c,2024-04-26 07:04:36,NULL,2024-04-26 07:04:36,"The standard Lorem Ipsum passage, used since the 1500s ""Lorem ipsum dolor sit amet, consectetur adip",9,8a7544d5-fbd2-4f32-8062-827ab7cbe846
ac13397b-be92-4acb-8250-75a834dca0c1,f0ff98fb-1811-4940-8054-c8b127ad6554,2025-04-17 07:03:55,NULL,2025-04-17 07:03:55,Can you relocate if required?,1,77311be6-16ac-46a8-ac8c-d904463c4f8c
ad8b25b1-7e14-4bbf-84c2-cabd459dc5bf,b91189e3-47b3-44b1-a685-0252e97c7d1c,2024-07-15 07:11:50,NULL,2024-07-15 07:11:50,"The standard Lorem Ipsum passage, used since the 1500s ""Lorem ipsum dolor sit amet, consectetur adip",6,3cfb05c9-d87d-47dc-8219-078082690af6
b283ef73-8aa8-4b72-ae6d-83808c3c8e1e,c8367fc3-d459-4b83-b48b-37521e6d4795,2024-02-16 09:30:27,NULL,2024-02-16 09:30:27,Question One,1,6bfb079a-0092-449c-a2bd-f7ddbb6de764
b57036a0-2aa6-48eb-babb-a1367e3ad878,c8367fc3-d459-4b83-b48b-37521e6d4795,2024-02-16 08:51:52,NULL,2024-02-16 08:51:52,Question Two,2,9bfa3d07-0edd-45fb-9339-7f4b9ce9e50a
b69015b4-2519-4a0c-bb65-dfc08b17ddcc,b91189e3-47b3-44b1-a685-0252e97c7d1c,2024-04-26 06:17:57,NULL,2024-04-26 06:17:57,"The standard Lorem Ipsum passage, used since the 1500s ""Lorem ipsum dolor sit amet, consectetur adip",4,d44e89c6-cced-4c35-96a9-c79783bee301
bcc507a4-ea22-4823-877d-e748ad56659d,b91189e3-47b3-44b1-a685-0252e97c7d1c,2024-07-08 12:06:09,NULL,2024-07-08 12:06:09,"The standard Lorem Ipsum passage, used since the 1500s ""Lorem ipsum dolor sit amet, consectetur adip",8,ffe15cf6-a4e9-44b6-8fc5-00846da434ab
be0e3bd0-206e-4474-911d-b732a35ad7a6,b91189e3-47b3-44b1-a685-0252e97c7d1c,2024-04-19 12:27:25,NULL,2024-04-19 12:27:25,What is your university name,1,71ca7405-4fbe-4864-af2e-5cde9db12d7e
bea36ada-425c-4c08-b056-bf5ef40e1f9f,c8367fc3-d459-4b83-b48b-37521e6d4795,2024-06-14 04:24:53,NULL,2024-06-14 04:24:53,test job 2,1,1cbce746-eaf7-46bf-bf12-5900642b4ecb
c129a027-17d7-48c6-949c-c0187f174540,f0ff98fb-1811-4940-8054-c8b127ad6554,2025-04-10 12:28:54,NULL,2025-04-10 12:28:54,Can you relocate if required?,3,c0244ac5-0367-4c21-a528-3e856c4e860e
c166ce75-5abe-419b-8e71-2935a991eda0,b91189e3-47b3-44b1-a685-0252e97c7d1c,2024-08-16 05:13:43,NULL,2024-08-16 05:13:43,"The standard Lorem Ipsum passage, used since the 1500s ""Lorem ipsum dolor sit amet, consectetur adip",6,c2705929-f13d-4e93-a57c-857ed8132fe7
c337de0c-d41e-4cbb-a4fe-548fbde02284,c8367fc3-d459-4b83-b48b-37521e6d4795,2024-06-11 05:52:17,NULL,2024-06-11 05:52:17,test job 2,2,d4d8a0fe-0557-4d2f-a386-b2e919571e4c
c3ee506f-f3a4-4ecf-9740-4257256c2291,b91189e3-47b3-44b1-a685-0252e97c7d1c,2024-04-26 06:17:57,NULL,2024-04-26 06:17:57,"The standard Lorem Ipsum passage, used since the 1500s ""Lorem ipsum dolor sit amet, consectetur adip",2,d44e89c6-cced-4c35-96a9-c79783bee301
c454e0c5-f690-4ac7-9480-a324277f65ea,c8367fc3-d459-4b83-b48b-37521e6d4795,2024-06-14 06:15:43,NULL,2024-06-14 06:15:43,test job ,2,10caf7a2-3661-495a-aa6f-8ce1d0d6f837
c4cf0e6b-a206-4d58-966c-07fb4d4d7706,c8367fc3-d459-4b83-b48b-37521e6d4795,2024-02-16 09:48:43,NULL,2024-02-16 09:48:43,Question One,1,d9bf553e-4083-405e-86eb-39d4f5238318
c50454b1-cc17-44db-9d63-6933f73b0b96,b91189e3-47b3-44b1-a685-0252e97c7d1c,2024-07-29 08:50:25,NULL,2024-07-29 08:50:25,"The standard Lorem Ipsum passage, used since the 1500s ""Lorem ipsum dolor sit amet, consectetur adip",10,b6f5715d-e787-400b-a4bd-3efb53373f7b
c57e471e-5e47-466c-bda0-0c61f93d02f4,b91189e3-47b3-44b1-a685-0252e97c7d1c,2024-07-08 12:06:09,NULL,2024-07-08 12:06:09,"The standard Lorem Ipsum passage, used since the 1500s ""Lorem ipsum dolor sit amet, consectetur adip",3,ffe15cf6-a4e9-44b6-8fc5-00846da434ab
c693d397-5a1a-487d-935f-d68d347761a7,c8367fc3-d459-4b83-b48b-37521e6d4795,2024-02-16 08:52:55,NULL,2024-02-16 08:52:55,Question One,1,8e203955-080b-49bd-afe1-3cadf40aac3d
c6b06a5b-a166-4de1-8415-ec3d56953bbd,b91189e3-47b3-44b1-a685-0252e97c7d1c,2024-07-29 08:50:25,NULL,2024-07-29 08:50:25,"The standard Lorem Ipsum passage, used since the 1500s ""Lorem ipsum dolor sit amet, consectetur adip",5,b6f5715d-e787-400b-a4bd-3efb53373f7b
c73a3f62-5009-45d8-aaac-174eef8c2df1,c8367fc3-d459-4b83-b48b-37521e6d4795,2022-02-28 06:21:20,NULL,2022-02-28 06:21:20,Why you think you are fit for the role?,1,877adc96-1e3a-42f6-b6ed-82378899d8c4
ccf24743-d26a-45b1-9da7-7f80ee9ff837,b91189e3-47b3-44b1-a685-0252e97c7d1c,2024-04-19 12:06:50,NULL,2024-04-19 12:06:50,"The standard Lorem Ipsum passage, used since the 1500s ""Lorem ipsum dolor sit amet, consectetur adip",1,4d81c8f1-7e84-4152-9ac7-996fbd28686c
ccf53a3f-000b-4e25-abd4-cf6a072944ef,c8367fc3-d459-4b83-b48b-37521e6d4795,2024-02-16 08:58:29,NULL,2024-02-16 08:58:29,Question Two,2,9b94e0d4-4082-4b25-acae-8e974431b2a7
cd79e0ed-a9df-41f0-b087-42b4bd7c19a2,b91189e3-47b3-44b1-a685-0252e97c7d1c,2024-07-08 11:33:02,NULL,2024-07-08 11:33:02,"The standard Lorem Ipsum passage, used since the 1500s ""Lorem ipsum dolor sit amet, consectetur adip",5,66137bf1-7076-4a9b-b8b3-a110d67b8de7
cfe228e3-a062-458a-bc50-5cfaef83be44,b91189e3-47b3-44b1-a685-0252e97c7d1c,2024-08-16 12:41:21,NULL,2024-08-16 12:41:21,"The standard Lorem Ipsum passage, used since the 1500s ""Lorem ipsum dolor sit amet, consectetur adip",9,69c237c3-a71c-4371-b8ea-ea90c69952ee
d05e0e29-d134-4356-b4b7-106b0e00cde2,b91189e3-47b3-44b1-a685-0252e97c7d1c,2024-07-08 11:33:02,NULL,2024-07-08 11:33:02,"The standard Lorem Ipsum passage, used since the 1500s ""Lorem ipsum dolor sit amet, consectetur adip",4,66137bf1-7076-4a9b-b8b3-a110d67b8de7
d309c80a-185a-4d9b-8a94-df1441df9157,b91189e3-47b3-44b1-a685-0252e97c7d1c,2024-08-16 05:13:43,NULL,2024-08-16 05:13:43,"The standard Lorem Ipsum passage, used since the 1500s ""Lorem ipsum dolor sit amet, consectetur adip",7,c2705929-f13d-4e93-a57c-857ed8132fe7
d844e471-cf3b-45ca-8517-84d2e35581e4,c8367fc3-d459-4b83-b48b-37521e6d4795,2022-03-07 23:24:31,NULL,2022-03-07 23:24:31,Where you working before?,1,3241a10a-a1bd-4ccd-8469-7a6386fa056a
d97705b0-847f-493a-96de-84b49cde033f,b91189e3-47b3-44b1-a685-0252e97c7d1c,2024-07-15 07:11:50,NULL,2024-07-15 07:11:50,"The standard Lorem Ipsum passage, used since the 1500s ""Lorem ipsum dolor sit amet, consectetur adip",10,3cfb05c9-d87d-47dc-8219-078082690af6
d9fa7c9a-67e8-4762-8aff-4df634276adb,b91189e3-47b3-44b1-a685-0252e97c7d1c,2024-07-08 12:06:09,NULL,2024-07-08 12:06:09,"The standard Lorem Ipsum passage, used since the 1500s ""Lorem ipsum dolor sit amet, consectetur adip",4,ffe15cf6-a4e9-44b6-8fc5-00846da434ab
dabe85f4-fb74-4862-abec-4f56f62c051c,c8367fc3-d459-4b83-b48b-37521e6d4795,2024-06-19 09:48:24,NULL,2024-06-19 09:48:24,test question Information Security Analysts,1,404c74b5-0e61-4425-8ffd-28e53e013210
dc958eda-ea10-4198-acc8-18fa85bc88f0,c8367fc3-d459-4b83-b48b-37521e6d4795,2024-07-10 09:29:08,NULL,2024-07-10 09:29:08,ppp,1,67bd3bbe-0a5f-4667-ac3e-0cca69863c8f
dcea2b37-fb96-4bab-861e-334c43f54c47,b91189e3-47b3-44b1-a685-0252e97c7d1c,2024-07-08 12:06:09,NULL,2024-07-08 12:06:09,"The standard Lorem Ipsum passage, used since the 1500s ""Lorem ipsum dolor sit amet, consectetur adip",7,ffe15cf6-a4e9-44b6-8fc5-00846da434ab
dd109e13-85f8-4159-a2c1-1146c040a596,b91189e3-47b3-44b1-a685-0252e97c7d1c,2024-08-08 10:23:06,NULL,2024-08-08 10:23:06,"The standard Lorem Ipsum passage, used since the 1500s ""Lorem ipsum dolor sit amet, consectetur adip",8,89aca828-d84c-4366-8d32-56e9b02695d1
df987141-08d5-4476-9459-7be9fe57ef82,a527105f-049d-4bec-8e52-d4cef9603122,2023-07-25 11:55:12,NULL,2023-07-25 11:55:12,what is year of experience,1,68eac202-988e-48af-8578-d709d9fd91b5
dfa06def-5105-4599-8105-ebac663c76e6,f0ff98fb-1811-4940-8054-c8b127ad6554,2025-04-10 12:28:54,NULL,2025-04-10 12:28:54,Are you certified by NABCEP?,2,c0244ac5-0367-4c21-a528-3e856c4e860e
e0d91a69-27eb-4ac8-bd3c-7be12f6697ac,b91189e3-47b3-44b1-a685-0252e97c7d1c,2024-04-19 05:21:17,NULL,2024-04-19 05:21:17,"The standard Lorem Ipsum passage, used since the 1500s ""Lorem ipsum dolor sit amet, consectetur adip",6,134442a5-5f67-40a8-a2fd-25efea7a7e50
e1d9e353-2839-414e-a174-42ab2c1df710,b91189e3-47b3-44b1-a685-0252e97c7d1c,2024-08-16 05:13:43,NULL,2024-08-16 05:13:43,"The standard Lorem Ipsum passage, used since the 1500s ""Lorem ipsum dolor sit amet, consectetur adip",9,c2705929-f13d-4e93-a57c-857ed8132fe7
e1f67b06-5794-4f02-bcdb-e8ddbc6ab558,c8367fc3-d459-4b83-b48b-37521e6d4795,2022-02-07 07:54:43,NULL,2022-02-07 07:54:43,Why do you think you can be a good candidate for this managerial role?,2,ef474866-9962-4eaf-9a43-0e9f085ac1ac
e5a10209-e463-422f-9a27-52cd9d1c9315,b91189e3-47b3-44b1-a685-0252e97c7d1c,2024-04-26 06:17:57,NULL,2024-04-26 06:17:57,"The standard Lorem Ipsum passage, used since the 1500s ""Lorem ipsum dolor sit amet, consectetur adip",9,d44e89c6-cced-4c35-96a9-c79783bee301
e7fe54a0-9029-4bb7-a62a-5b154086b85b,c8367fc3-d459-4b83-b48b-37521e6d4795,2024-05-03 11:09:15,NULL,2024-05-03 11:09:15,ppp,2,6e109b5c-e627-4a02-84ec-557511b43412
eaf2f0e3-8a1b-4345-a8e5-ac3b8f3d9e05,c8367fc3-d459-4b83-b48b-37521e6d4795,2024-02-16 08:58:29,NULL,2024-02-16 08:58:29,Question One,1,9b94e0d4-4082-4b25-acae-8e974431b2a7
ecefe57b-5dc2-4d29-b90a-62d6a85c5962,b91189e3-47b3-44b1-a685-0252e97c7d1c,2024-08-08 10:23:06,NULL,2024-08-08 10:23:06,"The standard Lorem Ipsum passage, used since the 1500s ""Lorem ipsum dolor sit amet, consectetur adip",2,89aca828-d84c-4366-8d32-56e9b02695d1
ed2d91e8-2034-4f48-a9fd-80cc48d0d1ed,c8367fc3-d459-4b83-b48b-37521e6d4795,2024-06-19 04:15:51,NULL,2024-06-19 04:15:51,"""Lorem ipsum dolor sit amet, consectetur adipiscing elit, sed do eiusmod tempor incididunt ut labore",2,c8637554-4817-4baf-826c-d844d7a7d8f8
ef31bc14-4b5e-4842-ab62-88214d9725c4,b91189e3-47b3-44b1-a685-0252e97c7d1c,2024-07-08 11:33:02,NULL,2024-07-08 11:33:02,"The standard Lorem Ipsum passage, used since the 1500s ""Lorem ipsum dolor sit amet, consectetur adip",8,66137bf1-7076-4a9b-b8b3-a110d67b8de7
f0362196-0b96-48e8-bb6c-34384aadd2d4,b91189e3-47b3-44b1-a685-0252e97c7d1c,2024-04-19 12:06:50,NULL,2024-04-19 12:06:50,"The standard Lorem Ipsum passage, used since the 1500s ""Lorem ipsum dolor sit amet, consectetur adip",9,4d81c8f1-7e84-4152-9ac7-996fbd28686c
f170ef04-8db2-4000-bb10-eade55c69178,b91189e3-47b3-44b1-a685-0252e97c7d1c,2024-08-16 05:13:43,NULL,2024-08-16 05:13:43,"The standard Lorem Ipsum passage, used since the 1500s ""Lorem ipsum dolor sit amet, consectetur adip",8,c2705929-f13d-4e93-a57c-857ed8132fe7
f2a0f3bf-bcb8-42ca-a57e-2da0d3de6220,b91189e3-47b3-44b1-a685-0252e97c7d1c,2024-07-15 07:11:50,NULL,2024-07-15 07:11:50,"The standard Lorem Ipsum passage, used since the 1500s ""Lorem ipsum dolor sit amet, consectetur adip",5,3cfb05c9-d87d-47dc-8219-078082690af6
f2a84d12-30cb-4a6b-b056-3c239add47dc,b91189e3-47b3-44b1-a685-0252e97c7d1c,2024-07-15 07:11:50,NULL,2024-07-15 07:11:50,"The standard Lorem Ipsum passage, used since the 1500s ""Lorem ipsum dolor sit amet, consectetur adip",1,3cfb05c9-d87d-47dc-8219-078082690af6
f2f54016-7c18-470a-acbd-26be6957be84,b91189e3-47b3-44b1-a685-0252e97c7d1c,2024-08-16 05:13:43,NULL,2024-08-16 05:13:43,"The standard Lorem Ipsum passage, used since the 1500s ""Lorem ipsum dolor sit amet, consectetur adip",1,c2705929-f13d-4e93-a57c-857ed8132fe7
f34aa6fb-c853-4deb-9486-ba82ffbd853d,b91189e3-47b3-44b1-a685-0252e97c7d1c,2024-08-20 05:12:49,NULL,2024-08-20 05:12:49,"The standard Lorem Ipsum passage, used since the 1500s ""Lorem ipsum dolor sit amet, consectetur adip",1,3cd6fb2c-fe4e-47de-991f-f5ccbe135809
f34e865d-9d71-4f53-9aa1-c1aab3f33172,b91189e3-47b3-44b1-a685-0252e97c7d1c,2024-08-20 05:12:49,NULL,2024-08-20 05:12:49,"The standard Lorem Ipsum passage, used since the 1500s ""Lorem ipsum dolor sit amet, consectetur adip",3,3cd6fb2c-fe4e-47de-991f-f5ccbe135809
f48da156-d54b-44a8-af4b-d2fd95d69c34,a69a9857-30f7-4676-b610-a09c3d5e3f40,2022-08-25 04:01:20,NULL,2022-08-25 04:01:20,gender,1,c968cea7-67c1-41f2-9a48-b2dd8825eab6
f623951c-5cc8-425a-bb67-cbc35c380cbd,b91189e3-47b3-44b1-a685-0252e97c7d1c,2024-04-19 12:06:50,NULL,2024-04-19 12:06:50,"The standard Lorem Ipsum passage, used since the 1500s ""Lorem ipsum dolor sit amet, consectetur adip",7,4d81c8f1-7e84-4152-9ac7-996fbd28686c
f7063d38-c73d-48f7-8657-ee65f86c93a0,b91189e3-47b3-44b1-a685-0252e97c7d1c,2024-08-20 05:12:50,NULL,2024-08-20 05:12:50,"The standard Lorem Ipsum passage, used since the 1500s ""Lorem ipsum dolor sit amet, consectetur adip",8,3cd6fb2c-fe4e-47de-991f-f5ccbe135809
f8002ce0-ec9b-46a3-8106-9e0370f7339a,b91189e3-47b3-44b1-a685-0252e97c7d1c,2024-07-09 09:16:08,NULL,2024-07-09 09:16:08,"The standard Lorem Ipsum passage, used since the 1500s ""Lorem ipsum dolor sit amet, consectetur adip",1,ae6e660d-f6c0-4ee5-a29c-ddcabd3e805c
fac04718-8a8f-4d07-aac8-aa47b1ad1407,b91189e3-47b3-44b1-a685-0252e97c7d1c,2024-04-19 05:21:17,NULL,2024-04-19 05:21:17,"The standard Lorem Ipsum passage, used since the 1500s ""Lorem ipsum dolor sit amet, consectetur adip",5,134442a5-5f67-40a8-a2fd-25efea7a7e50
fb189d12-8698-496b-8a04-8ce94230b3fd,b91189e3-47b3-44b1-a685-0252e97c7d1c,2024-08-08 10:23:06,NULL,2024-08-08 10:23:06,"The standard Lorem Ipsum passage, used since the 1500s ""Lorem ipsum dolor sit amet, consectetur adip",4,89aca828-d84c-4366-8d32-56e9b02695d1
fbba93bc-4939-4e06-a75c-a736c5fbd650,b91189e3-47b3-44b1-a685-0252e97c7d1c,2023-08-02 05:15:32,NULL,2023-08-02 05:15:32,What is your university name,1,9b9b5143-a0ed-444c-9280-bc564df43998
fcc4ae82-81ff-417b-9b20-4805a156537b,c8367fc3-d459-4b83-b48b-37521e6d4795,2022-02-07 07:54:43,NULL,2022-02-07 07:54:43,How do you ensure your stability with us?,3,ef474866-9962-4eaf-9a43-0e9f085ac1ac
ff53702e-604f-48ae-bd54-67b9143431c5,b91189e3-47b3-44b1-a685-0252e97c7d1c,2023-08-02 05:15:32,NULL,2023-08-02 05:15:32,Where is your home town,2,9b9b5143-a0ed-444c-9280-bc564df43998
ffd2a6d3-6569-4bd9-a597-ceeedc9bd254,c0f385bf-790f-431d-8dc4-1bf83ba3a392,2025-04-18 05:21:07,NULL,2025-04-18 05:21:07,Describe a challenging solar installation project you managed and how you overcame any obstacles.,1,e896d0f4-3d6d-474f-9649-53922a74192d
