id,created_by,created_date,updated_by,updated_date,answer,question,jobsite_id,project_id,replied_by_id,user_id
007b1961-ddc6-4abe-b43d-b1358bcda706,a3d2b1e9-d64f-46b7-85f5-af83442a5547,2024-03-20 05:42:31,a3d2b1e9-d64f-46b7-85f5-af83442a5547,2024-03-20 05:42:31,,Test 3,aab76978-8ba9-4f32-add3-b04a70cb761b,89b640d3-534d-4d1a-ac56-5461feca72f9,NULL,a3d2b1e9-d64f-46b7-85f5-af83442a5547
01755c2e-11da-4930-90ab-92444141b96e,a3d2b1e9-d64f-46b7-85f5-af83442a5547,2024-02-15 10:01:35,a3d2b1e9-d64f-46b7-85f5-af83442a5547,2024-02-15 10:01:35,,"Contrary to popular belief, Lorem Ipsum is not simply random text. It has roots in a piece of classical Latin literature from 45 BC, making it over 2000 years old. Richard McClintock, a Latin professor at Hampden-Sydney College in Virginia, looked up one of the more obscure Latin words, consectetur, from a Lorem Ipsum passage, and going through the cites of the word in classical literature, discovered the undoubtable source. Lorem Ipsum comes from sections 1.10.32 and 1.10.33 of ""de Finibus Bono",badae1fe-653a-43dc-ac7a-280358001705,66a83bf5-8b87-49c4-8e65-9b705f4c3823,NULL,a3d2b1e9-d64f-46b7-85f5-af83442a5547
02ea0276-f893-43d0-a399-67c32720519b,a3d2b1e9-d64f-46b7-85f5-af83442a5547,2024-02-08 11:45:45,a3d2b1e9-d64f-46b7-85f5-af83442a5547,2024-02-08 11:45:45,,"Lorem ipsum dolor sit amet, consectetur adipisicing elit, sed do eiusmodtempor incididunt ut labore et dolore magna aliqua. Ut enim ad minim veniam,quis nostrud exercitation ullamco laboris nisi ut aliquip ex ea commodoconsequat. Duis aute irure dolor in reprehenderit in voluptate velit essecillum dolore eu fugiat nulla pariatur. Excepteur sint occaecat cupidatat nonproident, sunt in culpa qui officia deserunt mollit anim id est laborum.Lorem ipsum dolor sit amet, consectetur adipisicing elit, s",9e053282-a6ec-4cf3-b6e5-3a2eb9c9b422,faf71bbc-4464-4cf5-a58c-c488a3bcf6bd,NULL,a3d2b1e9-d64f-46b7-85f5-af83442a5547
065485e6-11e5-4971-913a-5d3f537f4a59,a3d2b1e9-d64f-46b7-85f5-af83442a5547,2024-02-01 08:47:20,c8367fc3-d459-4b83-b48b-37521e6d4795,2024-02-15 09:06:58,test by aac,This is a test question,107fa0b7-08e5-4247-b611-fc561148a6cc,527fc0c0-f67c-43b3-b65f-e8ac281ce2ca,c8367fc3-d459-4b83-b48b-37521e6d4795,a3d2b1e9-d64f-46b7-85f5-af83442a5547
08ffa876-c3b9-4d0c-95e8-7de547eaba35,a3d2b1e9-d64f-46b7-85f5-af83442a5547,2024-01-23 10:33:58,c8367fc3-d459-4b83-b48b-37521e6d4795,2024-01-23 06:34:49,hi ytgf,hiiiii,8ac5548e-4728-4dcf-be80-bd74f0a34786,da9ebcac-bd81-4e00-a8e8-25a9ffcc782f,c8367fc3-d459-4b83-b48b-37521e6d4795,a3d2b1e9-d64f-46b7-85f5-af83442a5547
096d522e-2e27-46f3-a437-8e13349d2657,a3d2b1e9-d64f-46b7-85f5-af83442a5547,2024-02-08 11:40:45,a3d2b1e9-d64f-46b7-85f5-af83442a5547,2024-02-08 11:40:45,,"Lorem ipsum dolor sit amet, consectetur adipisicing elit, sed do eiusmodtempor incididunt ut labore et dolore magna aliqua. Ut enim ad minim veniam,quis nostrud exercitation ullamco laboris nisi ut aliquip ex ea commodoconsequat. Duis aute irure dolor in reprehenderit in voluptate velit essecillum dolore eu fugiat nulla pariatur. Excepteur sint occaecat cupidatat nonproident, sunt in culpa qui officia deserunt mollit anim id est laborum.Lorem ipsum dolor sit amet, consectetur adipisicing elit, s",27d59306-60c8-429a-ac37-7e0f4f9343af,faf71bbc-4464-4cf5-a58c-c488a3bcf6bd,NULL,a3d2b1e9-d64f-46b7-85f5-af83442a5547
0aa75509-d593-423f-ae94-c70777ee467d,a3d2b1e9-d64f-46b7-85f5-af83442a5547,2024-02-20 09:26:43,a3d2b1e9-d64f-46b7-85f5-af83442a5547,2024-02-20 09:26:43,,testing,c7828149-16f6-4459-9f1c-89250e821652,5f5fc3f4-90c9-4244-86d8-e97a76997e80,NULL,a3d2b1e9-d64f-46b7-85f5-af83442a5547
12b4d6c7-1b3f-45e5-8d9d-4ff19d2c96fa,a3d2b1e9-d64f-46b7-85f5-af83442a5547,2024-02-08 11:40:45,a3d2b1e9-d64f-46b7-85f5-af83442a5547,2024-02-08 11:40:45,,"Lorem ipsum dolor sit amet, consectetur adipisicing elit, sed do eiusmodtempor incididunt ut labore et dolore magna aliqua. Ut enim ad minim veniam,quis nostrud exercitation ullamco laboris nisi ut aliquip ex ea commodoconsequat. Duis aute irure dolor in reprehenderit in voluptate velit essecillum dolore eu fugiat nulla pariatur. Excepteur sint occaecat cupidatat nonproident, sunt in culpa qui officia deserunt mollit anim id est laborum.Lorem ipsum dolor sit amet, consectetur adipisicing elit, s",27d59306-60c8-429a-ac37-7e0f4f9343af,faf71bbc-4464-4cf5-a58c-c488a3bcf6bd,NULL,a3d2b1e9-d64f-46b7-85f5-af83442a5547
18e4faa7-e0cb-4322-a236-8ad6b947a600,a3d2b1e9-d64f-46b7-85f5-af83442a5547,2024-02-08 11:51:23,c8367fc3-d459-4b83-b48b-37521e6d4795,2024-02-14 09:35:34,Test,"Lorem ipsum dolor sit amet, consectetur adipisicing elit, sed do eiusmodtempor incididunt ut labore et dolore magna aliqua. Ut enim ad minim veniam,quis nostrud exercitation ullamco laboris nisi ut aliquip ex ea commodoconsequat. Duis aute irure dolor in reprehenderit in voluptate velit essecillum dolore eu fugiat nulla pariatur. Excepteur sint occaecat cupidatat nonproident, sunt in culpa qui officia deserunt mollit anim id est laborum.Lorem ipsum dolor sit amet, consectetur adipisicing elit, s",9e053282-a6ec-4cf3-b6e5-3a2eb9c9b422,faf71bbc-4464-4cf5-a58c-c488a3bcf6bd,c8367fc3-d459-4b83-b48b-37521e6d4795,a3d2b1e9-d64f-46b7-85f5-af83442a5547
1a9791d2-9ed2-467f-a0bb-347d4ef2fb70,8e9967a6-5915-45d4-a25e-11b1876d18df,2024-08-27 11:14:33,b91189e3-47b3-44b1-a685-0252e97c7d1c,2024-08-27 11:21:40,Testing,test,99b3463a-cfbb-4feb-bf3d-98d6ad213efa,504436b5-eb7c-4a98-9de2-dfeff92bd595,b91189e3-47b3-44b1-a685-0252e97c7d1c,8e9967a6-5915-45d4-a25e-11b1876d18df
1c769a85-539e-46e6-ba76-66c3e238ebd7,c1e99329-85c4-457f-9e56-40760d57aff5,2024-08-22 10:38:48,c1e99329-85c4-457f-9e56-40760d57aff5,2024-08-22 10:38:48,,testing,dd26d7d5-c439-4253-9e53-20b2b150445e,0c6c35ad-693c-4352-aeda-4616581e606c,NULL,c1e99329-85c4-457f-9e56-40760d57aff5
1e1a74a8-c12e-43fc-aa20-53f62d71341f,73c35bda-c637-4513-a758-b9491df12540,2024-08-23 10:35:22,b91189e3-47b3-44b1-a685-0252e97c7d1c,2024-08-23 10:48:59,This is for Test,This is for test,4187013b-d1c5-4fcf-bbf8-04eb187fea4a,78f3ee77-0d06-4391-85a5-bb36eca4a377,b91189e3-47b3-44b1-a685-0252e97c7d1c,73c35bda-c637-4513-a758-b9491df12540
299b1639-8d23-4273-b668-7abfddbcf0cd,a3d2b1e9-d64f-46b7-85f5-af83442a5547,2024-02-15 10:01:35,a3d2b1e9-d64f-46b7-85f5-af83442a5547,2024-02-15 10:01:35,,"Contrary to popular belief, Lorem Ipsum is not simply random text. It has roots in a piece of classical Latin literature from 45 BC, making it over 2000 years old. Richard McClintock, a Latin professor at Hampden-Sydney College in Virginia, looked up one of the more obscure Latin words, consectetur, from a Lorem Ipsum passage, and going through the cites of the word in classical literature, discovered the undoubtable source. Lorem Ipsum comes from sections 1.10.32 and 1.10.33 of ""de Finibus Bono",badae1fe-653a-43dc-ac7a-280358001705,66a83bf5-8b87-49c4-8e65-9b705f4c3823,NULL,a3d2b1e9-d64f-46b7-85f5-af83442a5547
31851715-21b0-4f41-8c63-8e55857b7d54,c1e99329-85c4-457f-9e56-40760d57aff5,2024-04-22 11:33:28,c8367fc3-d459-4b83-b48b-37521e6d4795,2024-04-22 12:06:07,"The standard Lorem Ipsum passage, used since the 1500sn""Lorem ipsum dolor sit amet, consectetur adipiscing elit, sed do eiusmod tempor incididunt ut labore et dolore magna aliqua. Ut enim ad minim veniam, quis nostrud exercitation ullamco laboris nisi ut aliquip ex ea commodo consequat. Duis aute irure dolor in reprehenderit in voluptate velit esse cillum dolore eu fugiat nulla pariatur. Excepteur sint occaecat cupidatat non proident, sunt in culpa qui officia deserunt mollit anim id est laborum","The standard Lorem Ipsum passage, used since the 1500sn""Lorem ipsum dolor sit amet, consectetur adipiscing elit, sed do eiusmod tempor incididunt ut labore et dolore magna aliqua. Ut enim ad minim veniam, quis nostrud exercitation ullamco laboris nisi ut aliquip ex ea commodo consequat. Duis aute irure dolor in reprehenderit in voluptate velit esse cillum dolore eu fugiat nulla pariatur. Excepteur sint occaecat cupidatat non proident, sunt in culpa qui officia deserunt mollit anim id est laborum",5a059381-8831-49ed-a21d-0c6c87c65fc9,87adab77-a29c-46ae-ae92-ce3bcc9b8234,c8367fc3-d459-4b83-b48b-37521e6d4795,c1e99329-85c4-457f-9e56-40760d57aff5
3b87b582-70bd-44cd-89a9-72b3b040243e,c1e99329-85c4-457f-9e56-40760d57aff5,2024-03-19 04:43:07,c8367fc3-d459-4b83-b48b-37521e6d4795,2024-03-19 04:49:03,This is a test answer.,This is a test question,e8effa99-2a52-4897-9507-8473a3ae3f7b,f355d81f-6b37-47d0-8e5e-32285f3aa1f5,c8367fc3-d459-4b83-b48b-37521e6d4795,c1e99329-85c4-457f-9e56-40760d57aff5
3c081860-6da5-4406-927e-c43b80630b9b,a3d2b1e9-d64f-46b7-85f5-af83442a5547,2024-02-15 10:01:03,a3d2b1e9-d64f-46b7-85f5-af83442a5547,2024-02-15 10:01:03,,"Contrary to popular belief, Lorem Ipsum is not simply random text. It has roots in a piece of classical Latin literature from 45 BC, making it over 2000 years old. Richard McClintock, a Latin professor at Hampden-Sydney College in Virginia, looked up one of the more obscure Latin words, consectetur, from a Lorem Ipsum passage, and going through the cites of the word in classical literature, discovered the undoubtable source. Lorem Ipsum comes from sections 1.10.32 and 1.10.33 of ""de Finibus Bono",badae1fe-653a-43dc-ac7a-280358001705,66a83bf5-8b87-49c4-8e65-9b705f4c3823,NULL,a3d2b1e9-d64f-46b7-85f5-af83442a5547
41a648a0-d526-4c58-9c3f-b6efd4ad7cce,a3d2b1e9-d64f-46b7-85f5-af83442a5547,2024-02-08 11:45:44,a3d2b1e9-d64f-46b7-85f5-af83442a5547,2024-02-08 11:45:44,,"Lorem ipsum dolor sit amet, consectetur adipisicing elit, sed do eiusmodtempor incididunt ut labore et dolore magna aliqua. Ut enim ad minim veniam,quis nostrud exercitation ullamco laboris nisi ut aliquip ex ea commodoconsequat. Duis aute irure dolor in reprehenderit in voluptate velit essecillum dolore eu fugiat nulla pariatur. Excepteur sint occaecat cupidatat nonproident, sunt in culpa qui officia deserunt mollit anim id est laborum.Lorem ipsum dolor sit amet, consectetur adipisicing elit, s",9e053282-a6ec-4cf3-b6e5-3a2eb9c9b422,faf71bbc-4464-4cf5-a58c-c488a3bcf6bd,NULL,a3d2b1e9-d64f-46b7-85f5-af83442a5547
45a5b06d-47ce-4232-89d4-00a824974a98,a3d2b1e9-d64f-46b7-85f5-af83442a5547,2024-02-15 10:01:35,a3d2b1e9-d64f-46b7-85f5-af83442a5547,2024-02-15 10:01:35,,"Contrary to popular belief, Lorem Ipsum is not simply random text. It has roots in a piece of classical Latin literature from 45 BC, making it over 2000 years old. Richard McClintock, a Latin professor at Hampden-Sydney College in Virginia, looked up one of the more obscure Latin words, consectetur, from a Lorem Ipsum passage, and going through the cites of the word in classical literature, discovered the undoubtable source. Lorem Ipsum comes from sections 1.10.32 and 1.10.33 of ""de Finibus Bono",badae1fe-653a-43dc-ac7a-280358001705,66a83bf5-8b87-49c4-8e65-9b705f4c3823,NULL,a3d2b1e9-d64f-46b7-85f5-af83442a5547
4841fb88-7469-463b-a64f-e1c1c229e9d0,8e9967a6-5915-45d4-a25e-11b1876d18df,2024-04-25 11:02:29,b91189e3-47b3-44b1-a685-0252e97c7d1c,2024-04-25 11:04:25,Ans1,"Where can I get some?nThere are many variations of passages of Lorem Ipsum available, but the majority have suffered alteration in some form, by injected humour, or randomised words which don't look even slightly believable. If you are going to use a passage of Lorem Ipsum, you need to be sure there isn't anything embarrassing hidden in the middle of text. All the Lorem Ipsum generators on the Internet tend to repeat predefined chunks as necessary, making this the first true generator on the Int",645c5a29-7ba3-407a-ad0e-9cdf786dff09,481cef1a-c0c0-4bd1-9c3c-948b125302b8,b91189e3-47b3-44b1-a685-0252e97c7d1c,8e9967a6-5915-45d4-a25e-11b1876d18df
48b1eefc-3f8e-45dd-bbea-233c791fa3a9,a3d2b1e9-d64f-46b7-85f5-af83442a5547,2024-02-15 10:01:35,a3d2b1e9-d64f-46b7-85f5-af83442a5547,2024-02-15 10:01:35,,"Contrary to popular belief, Lorem Ipsum is not simply random text. It has roots in a piece of classical Latin literature from 45 BC, making it over 2000 years old. Richard McClintock, a Latin professor at Hampden-Sydney College in Virginia, looked up one of the more obscure Latin words, consectetur, from a Lorem Ipsum passage, and going through the cites of the word in classical literature, discovered the undoubtable source. Lorem Ipsum comes from sections 1.10.32 and 1.10.33 of ""de Finibus Bono",badae1fe-653a-43dc-ac7a-280358001705,66a83bf5-8b87-49c4-8e65-9b705f4c3823,NULL,a3d2b1e9-d64f-46b7-85f5-af83442a5547
52b3c765-33fc-4e63-858e-7a03f210cf4f,6fdfa82e-6825-4658-a162-a518011bffd8,2025-04-21 12:57:26,c0f385bf-790f-431d-8dc4-1bf83ba3a392,2025-04-21 13:02:49,Allow some time we will assign technician.,Any preventive measures to avoid future occurrencesâ€‹.,540cc3cf-a547-4996-b54b-e3e0e8af8e37,de657a5e-8e86-4341-b4b3-d161a029122d,c0f385bf-790f-431d-8dc4-1bf83ba3a392,6fdfa82e-6825-4658-a162-a518011bffd8
54b0cea0-9d2b-45d4-851c-db30cf9afa99,6fdfa82e-6825-4658-a162-a518011bffd8,2025-04-21 12:57:26,c0f385bf-790f-431d-8dc4-1bf83ba3a392,2025-04-21 13:02:49,Allow some time we will assign technician.,Recommended steps for resolution.,540cc3cf-a547-4996-b54b-e3e0e8af8e37,de657a5e-8e86-4341-b4b3-d161a029122d,c0f385bf-790f-431d-8dc4-1bf83ba3a392,6fdfa82e-6825-4658-a162-a518011bffd8
54e69c26-62ce-4267-8b93-0ee1a283eabc,a3d2b1e9-d64f-46b7-85f5-af83442a5547,2024-02-08 11:40:45,a3d2b1e9-d64f-46b7-85f5-af83442a5547,2024-02-08 11:40:45,,"Lorem ipsum dolor sit amet, consectetur adipisicing elit, sed do eiusmodtempor incididunt ut labore et dolore magna aliqua. Ut enim ad minim veniam,quis nostrud exercitation ullamco laboris nisi ut aliquip ex ea commodoconsequat. Duis aute irure dolor in reprehenderit in voluptate velit essecillum dolore eu fugiat nulla pariatur. Excepteur sint occaecat cupidatat nonproident, sunt in culpa qui officia deserunt mollit anim id est laborum.Lorem ipsum dolor sit amet, consectetur adipisicing elit, s",27d59306-60c8-429a-ac37-7e0f4f9343af,faf71bbc-4464-4cf5-a58c-c488a3bcf6bd,NULL,a3d2b1e9-d64f-46b7-85f5-af83442a5547
561dd2ed-56ee-4e72-8f41-03bbd47bae45,a3d2b1e9-d64f-46b7-85f5-af83442a5547,2024-02-15 10:01:35,a3d2b1e9-d64f-46b7-85f5-af83442a5547,2024-02-15 10:01:35,,"Contrary to popular belief, Lorem Ipsum is not simply random text. It has roots in a piece of classical Latin literature from 45 BC, making it over 2000 years old. Richard McClintock, a Latin professor at Hampden-Sydney College in Virginia, looked up one of the more obscure Latin words, consectetur, from a Lorem Ipsum passage, and going through the cites of the word in classical literature, discovered the undoubtable source. Lorem Ipsum comes from sections 1.10.32 and 1.10.33 of ""de Finibus Bono",badae1fe-653a-43dc-ac7a-280358001705,66a83bf5-8b87-49c4-8e65-9b705f4c3823,NULL,a3d2b1e9-d64f-46b7-85f5-af83442a5547
5dc8da35-2700-4f4a-a97b-a8e1c374bf70,c1e99329-85c4-457f-9e56-40760d57aff5,2024-08-22 10:36:39,c1e99329-85c4-457f-9e56-40760d57aff5,2024-08-22 10:36:39,,test,cc7fc76a-698c-45a4-9a8e-0b53515e6eb0,9467c620-3031-49be-861c-379b5c57c84a,NULL,c1e99329-85c4-457f-9e56-40760d57aff5
5f23e5f6-3bc6-400f-93b8-558e5d341078,a3d2b1e9-d64f-46b7-85f5-af83442a5547,2024-02-08 11:40:06,a3d2b1e9-d64f-46b7-85f5-af83442a5547,2024-02-08 11:40:06,,"Lorem ipsum dolor sit amet, consectetur adipisicing elit, sed do eiusmodtempor incididunt ut labore et dolore magna aliqua. Ut enim ad minim veniam,quis nostrud exercitation ullamco laboris nisi ut aliquip ex ea commodoconsequat. Duis aute irure dolor in reprehenderit in voluptate velit essecillum dolore eu fugiat nulla pariatur. Excepteur sint occaecat cupidatat nonproident, sunt in culpa qui officia deserunt mollit anim id est laborum.Lorem ipsum dolor sit amet, consectetur adipisicing elit, s",27d59306-60c8-429a-ac37-7e0f4f9343af,faf71bbc-4464-4cf5-a58c-c488a3bcf6bd,NULL,a3d2b1e9-d64f-46b7-85f5-af83442a5547
6087b355-6fbb-4202-bfd9-621e465e808b,c1e99329-85c4-457f-9e56-40760d57aff5,2024-08-22 10:38:05,c1e99329-85c4-457f-9e56-40760d57aff5,2024-08-22 10:38:05,,test,dd26d7d5-c439-4253-9e53-20b2b150445e,0c6c35ad-693c-4352-aeda-4616581e606c,NULL,c1e99329-85c4-457f-9e56-40760d57aff5
628e4d8f-5672-43aa-8895-7a6dac6c7c5a,a3d2b1e9-d64f-46b7-85f5-af83442a5547,2024-02-08 11:40:45,a3d2b1e9-d64f-46b7-85f5-af83442a5547,2024-02-08 11:40:45,,"Lorem ipsum dolor sit amet, consectetur adipisicing elit, sed do eiusmodtempor incididunt ut labore et dolore magna aliqua. Ut enim ad minim veniam,quis nostrud exercitation ullamco laboris nisi ut aliquip ex ea commodoconsequat. Duis aute irure dolor in reprehenderit in voluptate velit essecillum dolore eu fugiat nulla pariatur. Excepteur sint occaecat cupidatat nonproident, sunt in culpa qui officia deserunt mollit anim id est laborum.Lorem ipsum dolor sit amet, consectetur adipisicing elit, s",27d59306-60c8-429a-ac37-7e0f4f9343af,faf71bbc-4464-4cf5-a58c-c488a3bcf6bd,NULL,a3d2b1e9-d64f-46b7-85f5-af83442a5547
6641140b-283c-427d-ae6f-eb7e01650817,a3d2b1e9-d64f-46b7-85f5-af83442a5547,2024-01-24 05:09:11,c8367fc3-d459-4b83-b48b-37521e6d4795,2024-01-24 05:26:54,iknjk,hii test Q & A,1c953cbc-b87d-4c2d-ac23-23530729ff48,93033508-51fb-4417-8679-331d22c488ed,c8367fc3-d459-4b83-b48b-37521e6d4795,a3d2b1e9-d64f-46b7-85f5-af83442a5547
699081c9-c33c-433b-ab92-b450e0c61931,a3d2b1e9-d64f-46b7-85f5-af83442a5547,2024-02-01 08:58:16,a3d2b1e9-d64f-46b7-85f5-af83442a5547,2024-02-01 08:58:16,,This is a test question,614c7509-26a4-44e1-a0c0-ce4ce0805876,0eb192bf-715c-43d9-bc38-22c2a5744c83,NULL,a3d2b1e9-d64f-46b7-85f5-af83442a5547
6e82a7d7-ea75-4072-85ef-f7d0fc716765,a3d2b1e9-d64f-46b7-85f5-af83442a5547,2024-03-20 11:49:15,a3d2b1e9-d64f-46b7-85f5-af83442a5547,2024-03-20 11:49:15,,This is a test question,aab76978-8ba9-4f32-add3-b04a70cb761b,89b640d3-534d-4d1a-ac56-5461feca72f9,NULL,a3d2b1e9-d64f-46b7-85f5-af83442a5547
70226a4d-14c6-43f5-bb52-8ce8c17ff0a9,73c35bda-c637-4513-a758-b9491df12540,2024-08-23 05:55:42,73c35bda-c637-4513-a758-b9491df12540,2024-08-23 05:55:42,,test,4187013b-d1c5-4fcf-bbf8-04eb187fea4a,78f3ee77-0d06-4391-85a5-bb36eca4a377,NULL,73c35bda-c637-4513-a758-b9491df12540
7166909b-0ca7-479b-bcde-3496a703a175,a3d2b1e9-d64f-46b7-85f5-af83442a5547,2024-02-15 10:01:35,a3d2b1e9-d64f-46b7-85f5-af83442a5547,2024-02-15 10:01:35,,"Contrary to popular belief, Lorem Ipsum is not simply random text. It has roots in a piece of classical Latin literature from 45 BC, making it over 2000 years old. Richard McClintock, a Latin professor at Hampden-Sydney College in Virginia, looked up one of the more obscure Latin words, consectetur, from a Lorem Ipsum passage, and going through the cites of the word in classical literature, discovered the undoubtable source. Lorem Ipsum comes from sections 1.10.32 and 1.10.33 of ""de Finibus Bono",badae1fe-653a-43dc-ac7a-280358001705,66a83bf5-8b87-49c4-8e65-9b705f4c3823,NULL,a3d2b1e9-d64f-46b7-85f5-af83442a5547
75b4547e-6857-4d1d-8c3e-62c47bb420c2,a3d2b1e9-d64f-46b7-85f5-af83442a5547,2024-02-08 11:45:45,a3d2b1e9-d64f-46b7-85f5-af83442a5547,2024-02-08 11:45:45,,"Lorem ipsum dolor sit amet, consectetur adipisicing elit, sed do eiusmodtempor incididunt ut labore et dolore magna aliqua. Ut enim ad minim veniam,quis nostrud exercitation ullamco laboris nisi ut aliquip ex ea commodoconsequat. Duis aute irure dolor in reprehenderit in voluptate velit essecillum dolore eu fugiat nulla pariatur. Excepteur sint occaecat cupidatat nonproident, sunt in culpa qui officia deserunt mollit anim id est laborum.Lorem ipsum dolor sit amet, consectetur adipisicing elit, s",9e053282-a6ec-4cf3-b6e5-3a2eb9c9b422,faf71bbc-4464-4cf5-a58c-c488a3bcf6bd,NULL,a3d2b1e9-d64f-46b7-85f5-af83442a5547
78efbefc-34ab-4d42-ae8b-ce493fa6c5de,a3d2b1e9-d64f-46b7-85f5-af83442a5547,2024-02-08 12:05:17,c8367fc3-d459-4b83-b48b-37521e6d4795,2024-04-22 11:57:50,This is a testing ,My first question 1,c7828149-16f6-4459-9f1c-89250e821652,5f5fc3f4-90c9-4244-86d8-e97a76997e80,c8367fc3-d459-4b83-b48b-37521e6d4795,a3d2b1e9-d64f-46b7-85f5-af83442a5547
7b128aef-2d33-4d6d-9981-ce1a7db31409,a3d2b1e9-d64f-46b7-85f5-af83442a5547,2024-02-20 09:16:54,a3d2b1e9-d64f-46b7-85f5-af83442a5547,2024-02-20 09:16:54,,this is test que,1c953cbc-b87d-4c2d-ac23-23530729ff48,523099aa-3dc0-4ef9-9747-e948da12286f,NULL,a3d2b1e9-d64f-46b7-85f5-af83442a5547
857bd3ab-b873-46cb-8df7-d225da353dfe,73c35bda-c637-4513-a758-b9491df12540,2024-08-23 05:36:05,73c35bda-c637-4513-a758-b9491df12540,2024-08-23 05:36:05,,test,4187013b-d1c5-4fcf-bbf8-04eb187fea4a,78f3ee77-0d06-4391-85a5-bb36eca4a377,NULL,73c35bda-c637-4513-a758-b9491df12540
85a1a253-52bc-4d98-98db-797c2b2a20eb,a3d2b1e9-d64f-46b7-85f5-af83442a5547,2024-02-08 11:40:46,a3d2b1e9-d64f-46b7-85f5-af83442a5547,2024-02-08 11:40:46,,"Lorem ipsum dolor sit amet, consectetur adipisicing elit, sed do eiusmodtempor incididunt ut labore et dolore magna aliqua. Ut enim ad minim veniam,quis nostrud exercitation ullamco laboris nisi ut aliquip ex ea commodoconsequat. Duis aute irure dolor in reprehenderit in voluptate velit essecillum dolore eu fugiat nulla pariatur. Excepteur sint occaecat cupidatat nonproident, sunt in culpa qui officia deserunt mollit anim id est laborum.Lorem ipsum dolor sit amet, consectetur adipisicing elit, s",27d59306-60c8-429a-ac37-7e0f4f9343af,faf71bbc-4464-4cf5-a58c-c488a3bcf6bd,NULL,a3d2b1e9-d64f-46b7-85f5-af83442a5547
8bce3001-acc5-4d9b-8b5d-a885ecf3efda,73c35bda-c637-4513-a758-b9491df12540,2024-08-27 09:35:04,b91189e3-47b3-44b1-a685-0252e97c7d1c,2024-08-27 04:19:12,This is answer for testing.,This question is for testing.,889ef1cd-f181-4b94-ad53-4ba25323191c,cc5a0eac-5ea5-4933-a32a-9eeee062dcc9,b91189e3-47b3-44b1-a685-0252e97c7d1c,73c35bda-c637-4513-a758-b9491df12540
8cc348a2-5004-4546-a08b-4e2ec2faf3cb,1c414d9d-c37d-47cd-9f7d-882d51abb8e6,2024-07-16 11:37:56,1c414d9d-c37d-47cd-9f7d-882d51abb8e6,2024-07-16 11:37:56,,test 1,2219cb4b-279d-41cd-bd89-66e04ffcb34a,f82294fb-6393-498a-bc5a-504e309bc6dd,NULL,1c414d9d-c37d-47cd-9f7d-882d51abb8e6
916e4320-7bf9-4018-8cd5-5ad40dc2f0af,a3d2b1e9-d64f-46b7-85f5-af83442a5547,2024-02-08 12:06:41,c8367fc3-d459-4b83-b48b-37521e6d4795,2024-04-22 11:57:50,Ans by aac,test 2,c7828149-16f6-4459-9f1c-89250e821652,5f5fc3f4-90c9-4244-86d8-e97a76997e80,c8367fc3-d459-4b83-b48b-37521e6d4795,a3d2b1e9-d64f-46b7-85f5-af83442a5547
93405487-9076-443f-9e56-b43d4dc4b106,c1e99329-85c4-457f-9e56-40760d57aff5,2024-04-22 11:55:55,c8367fc3-d459-4b83-b48b-37521e6d4795,2024-04-22 11:57:49,answer given,Test hszindsub@yopmail.com,c7828149-16f6-4459-9f1c-89250e821652,5f5fc3f4-90c9-4244-86d8-e97a76997e80,c8367fc3-d459-4b83-b48b-37521e6d4795,c1e99329-85c4-457f-9e56-40760d57aff5
93e6b808-4d02-460c-98b9-627dfd8f52e6,8e9967a6-5915-45d4-a25e-11b1876d18df,2024-04-25 10:52:08,b91189e3-47b3-44b1-a685-0252e97c7d1c,2024-04-25 10:52:51,"nWhat is Lorem Ipsum?nLorem Ipsum is simply dummy text of the printing and typesetting industry. Lorem Ipsum has been the industry's standard dummy text ever since the 1500s, when an unknown printer took a galley of type and scrambled it to make a type specimen book. It has survived not only five centuries, but also the leap into electronic typesetting, remaining essentially unchanged. It was popularised in the 1960s with the release of Letraset sheets containing Lorem Ipsum passages, and more r","The standard Lorem Ipsum passage, used since the 1500sn""Lorem ipsum dolor sit amet, consectetur adipiscing elit, sed do eiusmod tempor incididunt ut labore et dolore magna aliqua. Ut enim ad minim veniam, quis nostrud exercitation ullamco laboris nisi ut aliquip ex ea commodo consequat. Duis aute irure dolor in reprehenderit in voluptate velit esse cillum dolore eu fugiat nulla pariatur. Excepteur sint occaecat cupidatat non proident, sunt in culpa qui officia deserunt mollit anim id est laborum",0d9ece42-0a94-4033-be43-cd67e51be8cc,f257c0ae-e893-4dee-a6fd-25851628babc,b91189e3-47b3-44b1-a685-0252e97c7d1c,8e9967a6-5915-45d4-a25e-11b1876d18df
961b8a45-1d54-430d-9a3c-37b66035b3d1,c1e99329-85c4-457f-9e56-40760d57aff5,2024-02-12 10:28:51,c8367fc3-d459-4b83-b48b-37521e6d4795,2024-02-12 10:30:42,"Lorem Ipsum is simply dummy text of the printing and typesetting industry. Lorem Ipsum has been the industry's standard dummy text ever since the 1500s, when an unknown printer took a galley of type and scrambled it to make a type specimen book. It has survived not only five centuries, but also the leap into electronic typesetting, remaining essentially unchanged. It was popularised in the 1960s with the release of Letraset sheets containing Lorem Ipsum passages, and more recently with desktop p",This is a test question by aac,3b121cb9-d810-43da-959a-194a841b61ac,6c01f0ff-b347-40af-8f44-90f2f5b10b89,c8367fc3-d459-4b83-b48b-37521e6d4795,c1e99329-85c4-457f-9e56-40760d57aff5
996b24d1-3e2c-4bcb-97e6-6ab376d4afd4,a3d2b1e9-d64f-46b7-85f5-af83442a5547,2024-02-15 10:01:35,a3d2b1e9-d64f-46b7-85f5-af83442a5547,2024-02-15 10:01:35,,"Contrary to popular belief, Lorem Ipsum is not simply random text. It has roots in a piece of classical Latin literature from 45 BC, making it over 2000 years old. Richard McClintock, a Latin professor at Hampden-Sydney College in Virginia, looked up one of the more obscure Latin words, consectetur, from a Lorem Ipsum passage, and going through the cites of the word in classical literature, discovered the undoubtable source. Lorem Ipsum comes from sections 1.10.32 and 1.10.33 of ""de Finibus Bono",badae1fe-653a-43dc-ac7a-280358001705,66a83bf5-8b87-49c4-8e65-9b705f4c3823,NULL,a3d2b1e9-d64f-46b7-85f5-af83442a5547
9b4fdedc-7b3b-4258-86f9-1ffb34bdd075,a3d2b1e9-d64f-46b7-85f5-af83442a5547,2024-02-08 11:45:45,a3d2b1e9-d64f-46b7-85f5-af83442a5547,2024-02-08 11:45:45,,"Lorem ipsum dolor sit amet, consectetur adipisicing elit, sed do eiusmodtempor incididunt ut labore et dolore magna aliqua. Ut enim ad minim veniam,quis nostrud exercitation ullamco laboris nisi ut aliquip ex ea commodoconsequat. Duis aute irure dolor in reprehenderit in voluptate velit essecillum dolore eu fugiat nulla pariatur. Excepteur sint occaecat cupidatat nonproident, sunt in culpa qui officia deserunt mollit anim id est laborum.Lorem ipsum dolor sit amet, consectetur adipisicing elit, s",9e053282-a6ec-4cf3-b6e5-3a2eb9c9b422,faf71bbc-4464-4cf5-a58c-c488a3bcf6bd,NULL,a3d2b1e9-d64f-46b7-85f5-af83442a5547
9bcb69e7-92a0-494b-916c-e596738d9051,a3d2b1e9-d64f-46b7-85f5-af83442a5547,2024-03-20 11:37:30,a3d2b1e9-d64f-46b7-85f5-af83442a5547,2024-03-20 11:37:30,,This is a test question,27d59306-60c8-429a-ac37-7e0f4f9343af,18426947-c262-4d09-8506-932ea98dfa07,NULL,a3d2b1e9-d64f-46b7-85f5-af83442a5547
9d6e47d6-8890-4d58-92bf-f6e9930ee51c,a3d2b1e9-d64f-46b7-85f5-af83442a5547,2024-02-08 11:45:45,a3d2b1e9-d64f-46b7-85f5-af83442a5547,2024-02-08 11:45:45,,"Lorem ipsum dolor sit amet, consectetur adipisicing elit, sed do eiusmodtempor incididunt ut labore et dolore magna aliqua. Ut enim ad minim veniam,quis nostrud exercitation ullamco laboris nisi ut aliquip ex ea commodoconsequat. Duis aute irure dolor in reprehenderit in voluptate velit essecillum dolore eu fugiat nulla pariatur. Excepteur sint occaecat cupidatat nonproident, sunt in culpa qui officia deserunt mollit anim id est laborum.Lorem ipsum dolor sit amet, consectetur adipisicing elit, s",9e053282-a6ec-4cf3-b6e5-3a2eb9c9b422,faf71bbc-4464-4cf5-a58c-c488a3bcf6bd,NULL,a3d2b1e9-d64f-46b7-85f5-af83442a5547
9f3b4cb0-70b4-4949-a53c-5b024a7348fe,a3d2b1e9-d64f-46b7-85f5-af83442a5547,2024-02-15 10:01:35,a3d2b1e9-d64f-46b7-85f5-af83442a5547,2024-02-15 10:01:35,,"Contrary to popular belief, Lorem Ipsum is not simply random text. It has roots in a piece of classical Latin literature from 45 BC, making it over 2000 years old. Richard McClintock, a Latin professor at Hampden-Sydney College in Virginia, looked up one of the more obscure Latin words, consectetur, from a Lorem Ipsum passage, and going through the cites of the word in classical literature, discovered the undoubtable source. Lorem Ipsum comes from sections 1.10.32 and 1.10.33 of ""de Finibus Bono",badae1fe-653a-43dc-ac7a-280358001705,66a83bf5-8b87-49c4-8e65-9b705f4c3823,NULL,a3d2b1e9-d64f-46b7-85f5-af83442a5547
a7eb7746-e980-4bcb-8265-598c9fe7857b,73c35bda-c637-4513-a758-b9491df12540,2024-08-23 10:50:22,73c35bda-c637-4513-a758-b9491df12540,2024-08-23 10:50:22,,test,4187013b-d1c5-4fcf-bbf8-04eb187fea4a,78f3ee77-0d06-4391-85a5-bb36eca4a377,NULL,73c35bda-c637-4513-a758-b9491df12540
a8897c12-a224-4456-9696-4e29275818f0,a3d2b1e9-d64f-46b7-85f5-af83442a5547,2024-02-08 11:40:45,a3d2b1e9-d64f-46b7-85f5-af83442a5547,2024-02-08 11:40:45,,"Lorem ipsum dolor sit amet, consectetur adipisicing elit, sed do eiusmodtempor incididunt ut labore et dolore magna aliqua. Ut enim ad minim veniam,quis nostrud exercitation ullamco laboris nisi ut aliquip ex ea commodoconsequat. Duis aute irure dolor in reprehenderit in voluptate velit essecillum dolore eu fugiat nulla pariatur. Excepteur sint occaecat cupidatat nonproident, sunt in culpa qui officia deserunt mollit anim id est laborum.Lorem ipsum dolor sit amet, consectetur adipisicing elit, s",27d59306-60c8-429a-ac37-7e0f4f9343af,faf71bbc-4464-4cf5-a58c-c488a3bcf6bd,NULL,a3d2b1e9-d64f-46b7-85f5-af83442a5547
a88d675b-70ca-4fe7-9a5b-74637f1c8276,a3d2b1e9-d64f-46b7-85f5-af83442a5547,2024-02-08 11:40:45,a3d2b1e9-d64f-46b7-85f5-af83442a5547,2024-02-08 11:40:45,,"Lorem ipsum dolor sit amet, consectetur adipisicing elit, sed do eiusmodtempor incididunt ut labore et dolore magna aliqua. Ut enim ad minim veniam,quis nostrud exercitation ullamco laboris nisi ut aliquip ex ea commodoconsequat. Duis aute irure dolor in reprehenderit in voluptate velit essecillum dolore eu fugiat nulla pariatur. Excepteur sint occaecat cupidatat nonproident, sunt in culpa qui officia deserunt mollit anim id est laborum.Lorem ipsum dolor sit amet, consectetur adipisicing elit, s",27d59306-60c8-429a-ac37-7e0f4f9343af,faf71bbc-4464-4cf5-a58c-c488a3bcf6bd,NULL,a3d2b1e9-d64f-46b7-85f5-af83442a5547
b3c54931-a8f7-4439-ba23-bbae14b5d6f8,a3d2b1e9-d64f-46b7-85f5-af83442a5547,2024-02-01 08:47:20,a3d2b1e9-d64f-46b7-85f5-af83442a5547,2024-02-01 08:47:20,,This is a test question,107fa0b7-08e5-4247-b611-fc561148a6cc,527fc0c0-f67c-43b3-b65f-e8ac281ce2ca,NULL,a3d2b1e9-d64f-46b7-85f5-af83442a5547
b3ca227c-0226-4cff-84ce-6e7e2f64926f,a3d2b1e9-d64f-46b7-85f5-af83442a5547,2024-02-20 09:25:34,a3d2b1e9-d64f-46b7-85f5-af83442a5547,2024-02-20 09:25:34,,testing,54216908-e64b-45ab-bca2-32b457136adb,2e402574-1412-4b09-a72c-3b5f821f0fd7,NULL,a3d2b1e9-d64f-46b7-85f5-af83442a5547
b77e4759-bcc4-4678-8a74-f8e0882ef43c,a3d2b1e9-d64f-46b7-85f5-af83442a5547,2024-02-08 11:40:46,a3d2b1e9-d64f-46b7-85f5-af83442a5547,2024-02-08 11:40:46,,"Lorem ipsum dolor sit amet, consectetur adipisicing elit, sed do eiusmodtempor incididunt ut labore et dolore magna aliqua. Ut enim ad minim veniam,quis nostrud exercitation ullamco laboris nisi ut aliquip ex ea commodoconsequat. Duis aute irure dolor in reprehenderit in voluptate velit essecillum dolore eu fugiat nulla pariatur. Excepteur sint occaecat cupidatat nonproident, sunt in culpa qui officia deserunt mollit anim id est laborum.Lorem ipsum dolor sit amet, consectetur adipisicing elit, s",27d59306-60c8-429a-ac37-7e0f4f9343af,faf71bbc-4464-4cf5-a58c-c488a3bcf6bd,NULL,a3d2b1e9-d64f-46b7-85f5-af83442a5547
b880180a-d42b-452d-aefa-41b46f93aab8,a3d2b1e9-d64f-46b7-85f5-af83442a5547,2024-02-08 11:40:44,a3d2b1e9-d64f-46b7-85f5-af83442a5547,2024-02-08 11:40:44,,"Lorem ipsum dolor sit amet, consectetur adipisicing elit, sed do eiusmodtempor incididunt ut labore et dolore magna aliqua. Ut enim ad minim veniam,quis nostrud exercitation ullamco laboris nisi ut aliquip ex ea commodoconsequat. Duis aute irure dolor in reprehenderit in voluptate velit essecillum dolore eu fugiat nulla pariatur. Excepteur sint occaecat cupidatat nonproident, sunt in culpa qui officia deserunt mollit anim id est laborum.Lorem ipsum dolor sit amet, consectetur adipisicing elit, s",27d59306-60c8-429a-ac37-7e0f4f9343af,faf71bbc-4464-4cf5-a58c-c488a3bcf6bd,NULL,a3d2b1e9-d64f-46b7-85f5-af83442a5547
be57740d-3ea5-4e33-944b-b9e18f8ff339,a3d2b1e9-d64f-46b7-85f5-af83442a5547,2024-02-01 08:43:23,a3d2b1e9-d64f-46b7-85f5-af83442a5547,2024-02-01 08:43:23,,This is a test question.,d31fee80-dba6-4656-a3cf-c098aeddd76c,2103602c-c21b-4356-b6fd-4dad9162d46c,NULL,a3d2b1e9-d64f-46b7-85f5-af83442a5547
bec64dbc-f432-4cf8-b034-60550080ec38,a3d2b1e9-d64f-46b7-85f5-af83442a5547,2024-02-08 11:50:02,a3d2b1e9-d64f-46b7-85f5-af83442a5547,2024-02-08 11:50:02,,"Lorem ipsum dolor sit amet, consectetur adipisicing elit, sed do eiusmodtempor incididunt ut labore et dolore magna aliqua. Ut enim ad minim veniam,quis nostrud exercitation ullamco laboris nisi ut aliquip ex ea commodoconsequat. Duis aute irure dolor in reprehenderit in voluptate velit essecillum dolore eu fugiat nulla pariatur. Excepteur sint occaecat cupidatat nonproident, sunt in culpa qui officia deserunt mollit anim id est laborum.Lorem ipsum dolor sit amet, consectetur adipisicing elit, s",9e053282-a6ec-4cf3-b6e5-3a2eb9c9b422,faf71bbc-4464-4cf5-a58c-c488a3bcf6bd,NULL,a3d2b1e9-d64f-46b7-85f5-af83442a5547
c0b335ff-5a35-4e08-bd6a-f93c92ac6ef5,a3d2b1e9-d64f-46b7-85f5-af83442a5547,2024-02-01 08:58:42,a3d2b1e9-d64f-46b7-85f5-af83442a5547,2024-02-01 08:58:42,,This is a test question,614c7509-26a4-44e1-a0c0-ce4ce0805876,0eb192bf-715c-43d9-bc38-22c2a5744c83,NULL,a3d2b1e9-d64f-46b7-85f5-af83442a5547
c21f5a44-d2e5-439e-b04e-b9ee77578b28,a3d2b1e9-d64f-46b7-85f5-af83442a5547,2024-01-24 05:09:12,c8367fc3-d459-4b83-b48b-37521e6d4795,2024-01-24 00:14:07,hi,jhjhj,1c953cbc-b87d-4c2d-ac23-23530729ff48,93033508-51fb-4417-8679-331d22c488ed,c8367fc3-d459-4b83-b48b-37521e6d4795,a3d2b1e9-d64f-46b7-85f5-af83442a5547
c7240273-c551-4395-9583-6423a9b8da39,a3d2b1e9-d64f-46b7-85f5-af83442a5547,2024-03-20 04:33:11,a3d2b1e9-d64f-46b7-85f5-af83442a5547,2024-03-20 04:33:11,,Test by hsz,27d59306-60c8-429a-ac37-7e0f4f9343af,18426947-c262-4d09-8506-932ea98dfa07,NULL,a3d2b1e9-d64f-46b7-85f5-af83442a5547
c992e470-e850-469b-8630-c606847b8e05,a3d2b1e9-d64f-46b7-85f5-af83442a5547,2024-02-01 08:47:20,a3d2b1e9-d64f-46b7-85f5-af83442a5547,2024-02-01 08:47:20,,This is a test question,107fa0b7-08e5-4247-b611-fc561148a6cc,527fc0c0-f67c-43b3-b65f-e8ac281ce2ca,NULL,a3d2b1e9-d64f-46b7-85f5-af83442a5547
ca3a793e-0dd8-45b8-8abd-3340b5f02744,c1e99329-85c4-457f-9e56-40760d57aff5,2024-05-09 09:52:28,c1e99329-85c4-457f-9e56-40760d57aff5,2024-05-09 09:52:28,,Test,2d93908e-7d91-445d-9e3d-fa1e9bf2ec7e,e0552300-499d-475c-8ec6-7e6ab2a592eb,NULL,c1e99329-85c4-457f-9e56-40760d57aff5
cb14c4dd-fdca-43ef-a03f-e367e0fa5322,73c35bda-c637-4513-a758-b9491df12540,2024-08-23 05:50:42,73c35bda-c637-4513-a758-b9491df12540,2024-08-23 05:50:42,,test,4187013b-d1c5-4fcf-bbf8-04eb187fea4a,78f3ee77-0d06-4391-85a5-bb36eca4a377,NULL,73c35bda-c637-4513-a758-b9491df12540
cd51094b-0b6f-4fa3-8fe4-f7f39a7716b5,a3d2b1e9-d64f-46b7-85f5-af83442a5547,2024-02-15 10:01:35,a3d2b1e9-d64f-46b7-85f5-af83442a5547,2024-02-15 10:01:35,,"Contrary to popular belief, Lorem Ipsum is not simply random text. It has roots in a piece of classical Latin literature from 45 BC, making it over 2000 years old. Richard McClintock, a Latin professor at Hampden-Sydney College in Virginia, looked up one of the more obscure Latin words, consectetur, from a Lorem Ipsum passage, and going through the cites of the word in classical literature, discovered the undoubtable source. Lorem Ipsum comes from sections 1.10.32 and 1.10.33 of ""de Finibus Bono",badae1fe-653a-43dc-ac7a-280358001705,66a83bf5-8b87-49c4-8e65-9b705f4c3823,NULL,a3d2b1e9-d64f-46b7-85f5-af83442a5547
cdc9e40a-f991-4caa-904e-9e216517b258,a3d2b1e9-d64f-46b7-85f5-af83442a5547,2024-02-20 09:24:58,a3d2b1e9-d64f-46b7-85f5-af83442a5547,2024-02-20 09:24:58,,this is testing,2874b74f-1077-413e-b9c1-ec45ff771f03,2e402574-1412-4b09-a72c-3b5f821f0fd7,NULL,a3d2b1e9-d64f-46b7-85f5-af83442a5547
cfefb294-d261-4702-8a6e-268fc25e7c60,1c414d9d-c37d-47cd-9f7d-882d51abb8e6,2024-07-16 11:22:35,1c414d9d-c37d-47cd-9f7d-882d51abb8e6,2024-07-16 11:22:35,,prpr,2219cb4b-279d-41cd-bd89-66e04ffcb34a,f82294fb-6393-498a-bc5a-504e309bc6dd,NULL,1c414d9d-c37d-47cd-9f7d-882d51abb8e6
d110a241-7b8b-4999-85e7-6920eb86711f,a3d2b1e9-d64f-46b7-85f5-af83442a5547,2024-02-15 10:01:34,a3d2b1e9-d64f-46b7-85f5-af83442a5547,2024-02-15 10:01:34,,"Contrary to popular belief, Lorem Ipsum is not simply random text. It has roots in a piece of classical Latin literature from 45 BC, making it over 2000 years old. Richard McClintock, a Latin professor at Hampden-Sydney College in Virginia, looked up one of the more obscure Latin words, consectetur, from a Lorem Ipsum passage, and going through the cites of the word in classical literature, discovered the undoubtable source. Lorem Ipsum comes from sections 1.10.32 and 1.10.33 of ""de Finibus Bono",badae1fe-653a-43dc-ac7a-280358001705,66a83bf5-8b87-49c4-8e65-9b705f4c3823,NULL,a3d2b1e9-d64f-46b7-85f5-af83442a5547
d2278ea8-a68b-4c84-921a-61474c0b0629,8e9967a6-5915-45d4-a25e-11b1876d18df,2024-07-16 11:40:22,b91189e3-47b3-44b1-a685-0252e97c7d1c,2024-08-27 11:21:40,Test,Testingqa,99b3463a-cfbb-4feb-bf3d-98d6ad213efa,504436b5-eb7c-4a98-9de2-dfeff92bd595,b91189e3-47b3-44b1-a685-0252e97c7d1c,8e9967a6-5915-45d4-a25e-11b1876d18df
d2ca2d83-abcb-4eb9-b5ce-344807feb530,a3d2b1e9-d64f-46b7-85f5-af83442a5547,2024-03-20 04:45:16,c8367fc3-d459-4b83-b48b-37521e6d4795,2024-03-20 08:37:18,I am fine ,Test 2 by hsz,aab76978-8ba9-4f32-add3-b04a70cb761b,89b640d3-534d-4d1a-ac56-5461feca72f9,c8367fc3-d459-4b83-b48b-37521e6d4795,a3d2b1e9-d64f-46b7-85f5-af83442a5547
d596e71a-c14f-47ed-8ea9-255dd8a46bd9,73c35bda-c637-4513-a758-b9491df12540,2024-08-23 05:25:48,73c35bda-c637-4513-a758-b9491df12540,2024-08-23 05:25:48,,test,4187013b-d1c5-4fcf-bbf8-04eb187fea4a,78f3ee77-0d06-4391-85a5-bb36eca4a377,NULL,73c35bda-c637-4513-a758-b9491df12540
d6a06fb0-a6ea-45be-abea-08f0d1f1bf69,a3d2b1e9-d64f-46b7-85f5-af83442a5547,2024-02-01 08:45:35,a3d2b1e9-d64f-46b7-85f5-af83442a5547,2024-02-01 08:45:35,,This is a demo question,d31fee80-dba6-4656-a3cf-c098aeddd76c,2103602c-c21b-4356-b6fd-4dad9162d46c,NULL,a3d2b1e9-d64f-46b7-85f5-af83442a5547
d962b2ea-83c6-4a9a-8325-7e9e4b016232,a3d2b1e9-d64f-46b7-85f5-af83442a5547,2024-02-15 09:59:15,a3d2b1e9-d64f-46b7-85f5-af83442a5547,2024-02-15 09:59:15,,"Contrary to popular belief, Lorem Ipsum is not simply random text. It has roots in a piece of classical Latin literature from 45 BC, making it over 2000 years old. Richard McClintock, a Latin professor at Hampden-Sydney College in Virginia, looked up one of the more obscure Latin words, consectetur, from a Lorem Ipsum passage, and going through the cites of the word in classical literature, discovered the undoubtable source. Lorem Ipsum comes from sections 1.10.32 and 1.10.33 of ""de Finibus Bono",9e053282-a6ec-4cf3-b6e5-3a2eb9c9b422,faf71bbc-4464-4cf5-a58c-c488a3bcf6bd,NULL,a3d2b1e9-d64f-46b7-85f5-af83442a5547
da78f9fe-3830-4658-962a-8a9608a52202,a3d2b1e9-d64f-46b7-85f5-af83442a5547,2024-02-01 08:43:37,a3d2b1e9-d64f-46b7-85f5-af83442a5547,2024-02-01 08:43:37,,This is a test question.,d31fee80-dba6-4656-a3cf-c098aeddd76c,2103602c-c21b-4356-b6fd-4dad9162d46c,NULL,a3d2b1e9-d64f-46b7-85f5-af83442a5547
da92fbb9-ddb2-4561-b7e0-409b2198ee0f,8e9967a6-5915-45d4-a25e-11b1876d18df,2024-08-20 09:17:44,8e9967a6-5915-45d4-a25e-11b1876d18df,2024-08-20 09:17:44,,Test,876d21b5-6e30-492c-a9b4-952412c4ec13,ec95f6f5-436c-4f9c-929a-22e6f8d4d595,NULL,8e9967a6-5915-45d4-a25e-11b1876d18df
e0ac48f0-f93f-465d-85de-efd86abee119,c1e99329-85c4-457f-9e56-40760d57aff5,2024-05-09 09:53:41,c1e99329-85c4-457f-9e56-40760d57aff5,2024-05-09 09:53:41,,Please enter question,434abb11-07b7-4120-b250-61a233ec1ea0,52c2c8e2-a456-458f-b51e-e2f7e71abc34,NULL,c1e99329-85c4-457f-9e56-40760d57aff5
e862e072-edb4-434a-be36-bf5ba5d36889,8e9967a6-5915-45d4-a25e-11b1876d18df,2024-04-25 11:02:28,b91189e3-47b3-44b1-a685-0252e97c7d1c,2024-04-25 11:04:26,Ans2,"nWhat is Lorem Ipsum?nLorem Ipsum is simply dummy text of the printing and typesetting industry. Lorem Ipsum has been the industry's standard dummy text ever since the 1500s, when an unknown printer took a galley of type and scrambled it to make a type specimen book. It has survived not only five centuries, but also the leap into electronic typesetting, remaining essentially unchanged. It was popularised in the 1960s with the release of Letraset sheets containing Lorem Ipsum passages, and more r",3dfa094f-b839-4034-8f9f-f6ffddfac5b2,481cef1a-c0c0-4bd1-9c3c-948b125302b8,b91189e3-47b3-44b1-a685-0252e97c7d1c,8e9967a6-5915-45d4-a25e-11b1876d18df
e8d2b1e3-525b-4730-9aa7-934e23574b2e,1c414d9d-c37d-47cd-9f7d-882d51abb8e6,2024-07-16 11:22:35,1c414d9d-c37d-47cd-9f7d-882d51abb8e6,2024-07-16 11:22:35,,test,2219cb4b-279d-41cd-bd89-66e04ffcb34a,f82294fb-6393-498a-bc5a-504e309bc6dd,NULL,1c414d9d-c37d-47cd-9f7d-882d51abb8e6
ed64ed8d-acf7-4a15-80ae-d37ad3099835,a3d2b1e9-d64f-46b7-85f5-af83442a5547,2024-02-08 11:38:32,a3d2b1e9-d64f-46b7-85f5-af83442a5547,2024-02-08 11:38:32,,"Lorem ipsum dolor sit amet, consectetur adipisicing elit, sed do eiusmodtempor incididunt ut labore et dolore magna aliqua. Ut enim ad minim veniam,quis nostrud exercitation ullamco laboris nisi ut aliquip ex ea commodoconsequat. Duis aute irure dolor in reprehenderit in voluptate velit essecillum dolore eu fugiat nulla pariatur. Excepteur sint occaecat cupidatat nonproident, sunt in culpa qui officia deserunt mollit anim id est laborum.",27d59306-60c8-429a-ac37-7e0f4f9343af,18426947-c262-4d09-8506-932ea98dfa07,NULL,a3d2b1e9-d64f-46b7-85f5-af83442a5547
fb0f1b7a-99b0-4648-9457-67e9384c45a1,a3d2b1e9-d64f-46b7-85f5-af83442a5547,2024-01-24 05:08:41,c8367fc3-d459-4b83-b48b-37521e6d4795,2024-01-24 05:26:54,mlkj,hii test Q & A,1c953cbc-b87d-4c2d-ac23-23530729ff48,93033508-51fb-4417-8679-331d22c488ed,c8367fc3-d459-4b83-b48b-37521e6d4795,a3d2b1e9-d64f-46b7-85f5-af83442a5547
fb912da8-030f-4900-948a-708610f297c0,a3d2b1e9-d64f-46b7-85f5-af83442a5547,2024-02-08 11:45:45,a3d2b1e9-d64f-46b7-85f5-af83442a5547,2024-02-08 11:45:45,,"Lorem ipsum dolor sit amet, consectetur adipisicing elit, sed do eiusmodtempor incididunt ut labore et dolore magna aliqua. Ut enim ad minim veniam,quis nostrud exercitation ullamco laboris nisi ut aliquip ex ea commodoconsequat. Duis aute irure dolor in reprehenderit in voluptate velit essecillum dolore eu fugiat nulla pariatur. Excepteur sint occaecat cupidatat nonproident, sunt in culpa qui officia deserunt mollit anim id est laborum.Lorem ipsum dolor sit amet, consectetur adipisicing elit, s",9e053282-a6ec-4cf3-b6e5-3a2eb9c9b422,faf71bbc-4464-4cf5-a58c-c488a3bcf6bd,NULL,a3d2b1e9-d64f-46b7-85f5-af83442a5547
fc77789a-4ec9-4815-b657-5e4bd2622629,a3d2b1e9-d64f-46b7-85f5-af83442a5547,2024-02-08 11:40:45,a3d2b1e9-d64f-46b7-85f5-af83442a5547,2024-02-08 11:40:45,,"Lorem ipsum dolor sit amet, consectetur adipisicing elit, sed do eiusmodtempor incididunt ut labore et dolore magna aliqua. Ut enim ad minim veniam,quis nostrud exercitation ullamco laboris nisi ut aliquip ex ea commodoconsequat. Duis aute irure dolor in reprehenderit in voluptate velit essecillum dolore eu fugiat nulla pariatur. Excepteur sint occaecat cupidatat nonproident, sunt in culpa qui officia deserunt mollit anim id est laborum.Lorem ipsum dolor sit amet, consectetur adipisicing elit, s",27d59306-60c8-429a-ac37-7e0f4f9343af,faf71bbc-4464-4cf5-a58c-c488a3bcf6bd,NULL,a3d2b1e9-d64f-46b7-85f5-af83442a5547
fd679ae0-0d3c-4384-ab8a-ab9dada0cbff,6fdfa82e-6825-4658-a162-a518011bffd8,2025-04-21 12:57:26,c0f385bf-790f-431d-8dc4-1bf83ba3a392,2025-04-21 13:02:49,Allow some time we will assign technician.,"Upon recent inspection, we've observed that the copper earthing for the DC cabling may not be installed at the appropriate depth. According to standard practices, earthing conductors should be buried at a minimum depth of 60 cm (approximately 24 inches) to ensure effective grounding and safety.",540cc3cf-a547-4996-b54b-e3e0e8af8e37,de657a5e-8e86-4341-b4b3-d161a029122d,c0f385bf-790f-431d-8dc4-1bf83ba3a392,6fdfa82e-6825-4658-a162-a518011bffd8
ff07aa4b-313d-4377-927a-a3628c68fc0d,a3d2b1e9-d64f-46b7-85f5-af83442a5547,2024-01-24 05:09:12,c8367fc3-d459-4b83-b48b-37521e6d4795,2024-01-24 05:26:54,hjkh,dfvdes,1c953cbc-b87d-4c2d-ac23-23530729ff48,93033508-51fb-4417-8679-331d22c488ed,c8367fc3-d459-4b83-b48b-37521e6d4795,a3d2b1e9-d64f-46b7-85f5-af83442a5547
