id,created_by,created_date,updated_by,updated_date,is_enable,name
0478ff65-8cbd-469b-bdb2-d5bd1250f6bc,System,2021-06-15 05:05:21,System,2021-06-15 05:05:21,_binary '',Colorado
060e873d-3baa-4b72-afa1-a6704b6ea16e,System,2021-06-15 05:05:21,System,2021-06-15 05:05:21,_binary '',Texas
0b7d30c7-8980-4468-b014-73d4954496ae,01,2024-04-18 06:40:17,01,2024-04-18 06:40:17,_binary '0',Sate1
15060781-a405-4043-8ec8-68d694533e04,System,2021-06-15 05:05:21,System,2021-06-15 05:05:21,_binary '',Delaware
1733e6bc-27df-48ff-ba13-9edb4554a676,System,2021-06-15 05:05:21,System,2021-06-15 05:05:21,_binary '',Arkansas
219fd1f5-49c3-41f2-8b6a-b18e452288ea,System,2021-06-15 05:05:21,System,2021-06-15 05:05:21,_binary '',Wisconsin
2a0c8713-b4a7-4281-aa53-1dca8db0e9c3,System,2021-06-15 05:05:21,System,2021-06-15 05:05:21,_binary '',Nevada
2a999947-76bc-45fe-99e2-3570cd6a71c7,System,2021-06-15 05:05:21,System,2021-06-15 05:05:21,_binary '',Oregon
2adba811-36df-4df1-9ccf-49f95c7d3d99,System,2021-06-15 05:05:21,System,2021-06-15 05:05:21,_binary '',Idaho
319bb842-6f21-4f1c-b220-27f700d116c1,System,2021-06-15 05:05:21,System,2021-06-15 05:05:21,_binary '',Arizona
3554a811-9719-44c0-ad82-01cf6fbee367,System,2021-06-15 05:05:21,System,2021-06-15 05:05:21,_binary '',Missouri
35765c58-fa63-43a9-88a3-67f2e4be5d4d,System,2021-06-15 05:05:21,System,2021-06-15 05:05:21,_binary '',Connecticut
39d583e8-39ef-4d2a-ad0c-9fab0d5cf6ed,System,2021-06-15 05:05:21,System,2021-06-15 05:05:21,_binary '',Florida
42c9240b-e879-4ce5-a127-18b41fcd626e,System,2021-06-15 05:05:21,System,2021-06-15 05:05:21,_binary '',Wyoming
4ed204be-3a5d-4fae-9124-eb59ec53a4ca,System,2021-06-15 05:05:21,System,2021-06-15 05:05:21,_binary '',Montana
4f6b3536-4d4d-433b-abff-bd74174cfc1d,01,2024-04-18 06:40:17,01,2024-04-18 06:40:17,_binary '0',Sate2
52f97177-54f2-4057-a208-b934a73a65f2,System,2021-06-15 05:05:21,System,2021-06-15 05:05:21,_binary '',Kentucky
53cbae78-ff87-44b5-9be8-02e0cfac8ca2,System,2021-06-15 05:05:21,System,2021-06-15 05:05:21,_binary '',New York
69015b1a-8c35-4472-8a17-0f4690d31a17,System,2021-06-15 05:05:21,System,2021-06-15 05:05:21,_binary '',Indiana
77c806a4-a9f6-4026-a9f9-0e3047403fac,System,2021-06-15 05:05:21,System,2021-06-15 05:05:21,_binary '',Hawaii
78299dce-8dd8-4e80-baa9-38399ae4950c,System,2021-06-15 05:05:21,System,2021-06-15 05:05:21,_binary '',Washington
828f8cae-d4b0-499e-91ad-5d9e3e5b2e29,System,2021-06-15 05:05:21,System,2021-06-15 05:05:21,_binary '',New Jersey
8c5df3ad-5d2c-445b-8088-b549db4ba84e,System,2021-06-15 05:05:21,System,2021-06-15 05:05:21,_binary '',South Carolina
8e94c25b-1a85-4a13-bdaa-cb26c2a1feef,System,2021-06-15 05:05:21,System,2021-06-15 05:05:21,_binary '',Nebraska
8f1a71c7-bccf-4f72-8a27-63545a228a91,System,2021-06-15 05:05:21,System,2021-06-15 05:05:21,_binary '',Puerto Rico
98855d79-88f9-461f-bc73-271377f3b8da,System,2021-06-15 05:05:21,System,2021-06-15 05:05:21,_binary '',Iowa
989e33bb-3c23-4430-a65b-46e821cebbb3,System,2021-06-15 05:05:21,System,2021-06-15 05:05:21,_binary '',Ohio
9c22a6ec-3725-45b5-9b5d-668d164da72d,System,2021-06-15 05:05:21,System,2021-06-15 05:05:21,_binary '',California
9ced60ee-767f-4966-9c6d-cd9fe5df1b09,System,2021-06-15 05:05:21,System,2021-06-15 05:05:21,_binary '',Massachusetts
a23ebdf4-b3e7-42da-bf12-d12fa72df2a4,System,2021-06-15 05:05:21,System,2021-06-15 05:05:21,_binary '',Georgia
a6f87c4f-5fdd-4055-b7de-a10c6488dfab,System,2021-06-15 05:05:21,System,2021-06-15 05:05:21,_binary '',Alaska
ab12937e-d498-45ea-b1e9-42f6c631ee9c,System,2021-06-15 05:05:21,System,2021-06-15 05:05:21,_binary '',Michigan
acc8ce70-846b-4ff9-a211-84d9b84be128,System,2021-06-15 05:05:21,System,2021-06-15 05:05:21,_binary '',Tennessee
b141eb5e-5f63-4a59-bfb8-774d4ff809a1,System,2021-06-15 05:05:21,System,2021-06-15 05:05:21,_binary '',Minnesota
b2dbd81d-48bb-4007-b2d1-466316c1b8fb,System,2021-06-15 05:05:21,System,2021-06-15 05:05:21,_binary '',Illinois
b3d93348-8865-40da-8e4d-3f5c4986fe0f,System,2021-06-15 05:05:21,System,2021-06-15 05:05:21,_binary '',West Virginia
b64a272b-9301-421c-9d79-e6451bd94a6c,System,2021-06-15 05:05:21,System,2021-06-15 05:05:21,_binary '',Louisiana
b64f384e-4fb9-4838-a334-35c75d83582b,System,2021-06-15 05:05:21,System,2021-06-15 05:05:21,_binary '',Mississippi
b8db6dac-23fe-412e-84ab-defab080fe57,System,2021-06-15 05:05:21,System,2021-06-15 05:05:21,_binary '',District of Columbia
b8e61c9f-346b-4d7f-83a6-c07523d8dc37,System,2021-06-15 05:05:21,System,2021-06-15 05:05:21,_binary '',Oklahoma
c0cdc51c-f26f-4d32-a06f-3b001dcd3221,System,2021-06-15 05:05:21,System,2021-06-15 05:05:21,_binary '',Rhode Island
c0d9f30f-776f-4d3d-8691-6e4a68fb433d,System,2021-06-15 05:05:21,System,2021-06-15 05:05:21,_binary '',Maryland
c47a830f-3156-4bf6-bc05-2ded550b118c,System,2021-06-15 05:05:21,System,2021-06-15 05:05:21,_binary '',North Dakota
d2e46b7c-c403-4aa1-ac81-1bc92ebd493e,System,2021-06-15 05:05:21,System,2021-06-15 05:05:21,_binary '',New Mexico
d41a2a65-97d2-4945-9afa-1cecf2ee94ee,System,2021-06-15 05:05:21,System,2021-06-15 05:05:21,_binary '',Virginia
d5c3e2a5-6565-44e5-afd5-a057d23efeb6,System,2021-06-15 05:05:21,System,2021-06-15 05:05:21,_binary '',New Hampshire
d76187cd-7666-4b86-938c-a7f8dad1cc41,System,2021-06-15 05:05:21,System,2021-06-15 05:05:21,_binary '',Utah
d977753f-72c4-4abf-9c71-f92bcc124b95,System,2021-06-15 05:05:21,System,2021-06-15 05:05:21,_binary '0',Alabama
df1089bb-8a99-46ec-b69a-ed72d319afb1,System,2021-06-15 05:05:21,System,2021-06-15 05:05:21,_binary '',Kansas
e1ed77a7-4229-4591-aad4-92d115f4ebc2,System,2021-06-15 05:05:21,System,2021-06-15 05:05:21,_binary '',North Carolina
e21d82d8-2d4c-4bcf-807c-8378e8966f75,System,2021-06-15 05:05:21,System,2021-06-15 05:05:21,_binary '',Pennsylvania
e51baad7-31ac-437b-8cd8-b43ba2b79944,System,2021-06-15 05:05:21,System,2021-06-15 05:05:21,_binary '',Maine
e54346ce-40d6-4815-8591-90b203a81f3d,System,2021-06-15 05:05:21,System,2021-06-15 05:05:21,_binary '',South Dakota
e7de1882-d2f7-419d-a13a-6a58b346086f,System,2021-06-15 05:05:21,System,2021-06-15 05:05:21,_binary '',Vermont
ec2946ac-bd7f-4698-abf9-ca02bed48070,01,2024-04-18 06:40:17,01,2024-04-18 06:40:17,_binary '0',Sate3
